999
DXF from OpenSCAD
  0
SECTION
  2
HEADER
  9
$ACADVER
  1
AC1006
  9
$INSBASE
 10
0.0
 20
0.0
 30
0.0
  9
$EXTMIN
 10
0
 20
-4
  9
$EXTMAX
 10
916
 20
1175.5
  9
$LINMIN
 10
0
 20
-4
  9
$LINMAX
 10
916
 20
1175.5
  0
ENDSEC
  0
SECTION
  2
TABLES
  0
TABLE
  2
LTYPE
 70
1
  0
LTYPE
  2
CONTINUOUS
 70
64
  3
Solid line
 72
65
 73
0
 40
0.000000
  0
ENDTAB
  0
TABLE
  2
LAYER
 70
6
  0
LAYER
  2
0
 70
64
 62
7
  6
CONTINUOUS
  0
ENDTAB
  0
TABLE
  2
STYLE
 70
0
  0
ENDTAB
  0
ENDSEC
  0
SECTION
  2
BLOCKS
  0
ENDSEC
  0
SECTION
  2
ENTITIES
  0
LWPOLYLINE
100
AcDbEntity
  8
0
100
AcDbPolyline
 90
56
 70
1
 10
480.125
 20
909
 10
586.375
 20
909
 10
586.375
 20
905
 10
606.375
 20
905
 10
606.375
 20
909
 10
712.625
 20
909
 10
712.625
 20
905
 10
732.625
 20
905
 10
732.625
 20
909
 10
838.875
 20
909
 10
838.875
 20
905
 10
858.875
 20
905
 10
858.875
 20
909
 10
912
 20
909
 10
912
 20
962.125
 10
916
 20
962.125
 10
916
 20
982.125
 10
912
 20
982.125
 10
912
 20
1088.38
 10
916
 20
1088.38
 10
916
 20
1108.38
 10
912
 20
1108.38
 10
912
 20
1161.5
 10
903.25
 20
1161.5
 10
903.25
 20
1154.5
 10
907
 20
1154.5
 10
907
 20
1147.5
 10
892
 20
1147.5
 10
892
 20
1154.5
 10
895.75
 20
1154.5
 10
895.75
 20
1161.5
 10
887
 20
1161.5
 10
887
 20
934
 10
432
 20
934
 10
432
 20
1161.5
 10
423.25
 20
1161.5
 10
423.25
 20
1168.5
 10
427
 20
1168.5
 10
427
 20
1175.5
 10
412
 20
1175.5
 10
412
 20
1168.5
 10
415.75
 20
1168.5
 10
415.75
 20
1161.5
 10
407
 20
1161.5
 10
407
 20
1108.38
 10
403
 20
1108.38
 10
403
 20
1088.38
 10
407
 20
1088.38
 10
407
 20
982.125
 10
403
 20
982.125
 10
403
 20
962.125
 10
407
 20
962.125
 10
407
 20
909
 10
460.125
 20
909
 10
460.125
 20
905
 10
480.125
 20
905
  0
LWPOLYLINE
100
AcDbEntity
  8
0
100
AcDbPolyline
 90
16
 70
1
 10
46.25
 20
555.5
 10
92.5
 20
555.5
 10
92.5
 20
551.5
 10
138.75
 20
551.5
 10
138.75
 20
555.5
 10
185
 20
555.5
 10
185
 20
1060.5
 10
138.75
 20
1060.5
 10
138.75
 20
1064.5
 10
92.5
 20
1064.5
 10
92.5
 20
1060.5
 10
46.25
 20
1060.5
 10
46.25
 20
1064.5
 10
0
 20
1064.5
 10
0
 20
551.5
 10
46.25
 20
551.5
  0
LWPOLYLINE
100
AcDbEntity
  8
0
100
AcDbPolyline
 90
128
 70
1
 10
31.1028
 20
1045.75
 10
30.9559
 20
1045.76
 10
30.8098
 20
1045.78
 10
30.6647
 20
1045.81
 10
30.5211
 20
1045.84
 10
30.3791
 20
1045.88
 10
30.2393
 20
1045.93
 10
30.1019
 20
1045.98
 10
29.9673
 20
1046.04
 10
29.8358
 20
1046.1
 10
29.7077
 20
1046.18
 10
29.5833
 20
1046.26
 10
29.4629
 20
1046.34
 10
29.3468
 20
1046.43
 10
29.2353
 20
1046.53
 10
29.1287
 20
1046.63
 10
29.0271
 20
1046.74
 10
28.931
 20
1046.85
 10
28.8404
 20
1046.96
 10
28.7556
 20
1047.08
 10
28.6768
 20
1047.21
 10
28.6042
 20
1047.34
 10
28.538
 20
1047.47
 10
28.4784
 20
1047.6
 10
28.4254
 20
1047.74
 10
28.3792
 20
1047.88
 10
28.3399
 20
1048.02
 10
28.3076
 20
1048.16
 10
28.2825
 20
1048.31
 10
28.2644
 20
1048.46
 10
28.2536
 20
1048.6
 10
28.25
 20
1048.75
 10
28.2536
 20
1048.9
 10
28.2644
 20
1049.04
 10
28.2825
 20
1049.19
 10
28.3076
 20
1049.34
 10
28.3399
 20
1049.48
 10
28.3792
 20
1049.62
 10
28.4254
 20
1049.76
 10
28.4784
 20
1049.9
 10
28.538
 20
1050.03
 10
28.6042
 20
1050.16
 10
28.6768
 20
1050.29
 10
28.7556
 20
1050.42
 10
28.8404
 20
1050.54
 10
28.931
 20
1050.65
 10
29.0271
 20
1050.76
 10
29.1287
 20
1050.87
 10
29.2353
 20
1050.97
 10
29.3468
 20
1051.07
 10
29.4629
 20
1051.16
 10
29.5833
 20
1051.24
 10
29.7077
 20
1051.32
 10
29.8358
 20
1051.4
 10
29.9673
 20
1051.46
 10
30.1019
 20
1051.52
 10
30.2393
 20
1051.57
 10
30.3791
 20
1051.62
 10
30.5211
 20
1051.66
 10
30.6647
 20
1051.69
 10
30.8098
 20
1051.72
 10
30.9559
 20
1051.74
 10
31.1028
 20
1051.75
 10
31.25
 20
1051.75
 10
31.3972
 20
1051.75
 10
31.5441
 20
1051.74
 10
31.6902
 20
1051.72
 10
31.8353
 20
1051.69
 10
31.9789
 20
1051.66
 10
32.1209
 20
1051.62
 10
32.2607
 20
1051.57
 10
32.3981
 20
1051.52
 10
32.5327
 20
1051.46
 10
32.6642
 20
1051.4
 10
32.7923
 20
1051.32
 10
32.9167
 20
1051.24
 10
33.0371
 20
1051.16
 10
33.1532
 20
1051.07
 10
33.2647
 20
1050.97
 10
33.3713
 20
1050.87
 10
33.4729
 20
1050.76
 10
33.569
 20
1050.65
 10
33.6596
 20
1050.54
 10
33.7444
 20
1050.42
 10
33.8232
 20
1050.29
 10
33.8958
 20
1050.16
 10
33.962
 20
1050.03
 10
34.0216
 20
1049.9
 10
34.0746
 20
1049.76
 10
34.1208
 20
1049.62
 10
34.1601
 20
1049.48
 10
34.1924
 20
1049.34
 10
34.2175
 20
1049.19
 10
34.2356
 20
1049.04
 10
34.2464
 20
1048.9
 10
34.25
 20
1048.75
 10
34.2464
 20
1048.6
 10
34.2356
 20
1048.46
 10
34.2175
 20
1048.31
 10
34.1924
 20
1048.16
 10
34.1601
 20
1048.02
 10
34.1208
 20
1047.88
 10
34.0746
 20
1047.74
 10
34.0216
 20
1047.6
 10
33.962
 20
1047.47
 10
33.8958
 20
1047.34
 10
33.8232
 20
1047.21
 10
33.7444
 20
1047.08
 10
33.6596
 20
1046.96
 10
33.569
 20
1046.85
 10
33.4729
 20
1046.74
 10
33.3713
 20
1046.63
 10
33.2647
 20
1046.53
 10
33.1532
 20
1046.43
 10
33.0371
 20
1046.34
 10
32.9167
 20
1046.26
 10
32.7923
 20
1046.18
 10
32.6642
 20
1046.1
 10
32.5327
 20
1046.04
 10
32.3981
 20
1045.98
 10
32.2607
 20
1045.93
 10
32.1209
 20
1045.88
 10
31.9789
 20
1045.84
 10
31.8353
 20
1045.81
 10
31.6902
 20
1045.78
 10
31.5441
 20
1045.76
 10
31.3972
 20
1045.75
 10
31.25
 20
1045.75
  0
LWPOLYLINE
100
AcDbEntity
  8
0
100
AcDbPolyline
 90
128
 70
1
 10
153.603
 20
1045.75
 10
153.456
 20
1045.76
 10
153.31
 20
1045.78
 10
153.165
 20
1045.81
 10
153.021
 20
1045.84
 10
152.879
 20
1045.88
 10
152.739
 20
1045.93
 10
152.602
 20
1045.98
 10
152.467
 20
1046.04
 10
152.336
 20
1046.1
 10
152.208
 20
1046.18
 10
152.083
 20
1046.26
 10
151.963
 20
1046.34
 10
151.847
 20
1046.43
 10
151.735
 20
1046.53
 10
151.629
 20
1046.63
 10
151.527
 20
1046.74
 10
151.431
 20
1046.85
 10
151.34
 20
1046.96
 10
151.256
 20
1047.08
 10
151.177
 20
1047.21
 10
151.104
 20
1047.34
 10
151.038
 20
1047.47
 10
150.978
 20
1047.6
 10
150.925
 20
1047.74
 10
150.879
 20
1047.88
 10
150.84
 20
1048.02
 10
150.808
 20
1048.16
 10
150.782
 20
1048.31
 10
150.764
 20
1048.46
 10
150.754
 20
1048.6
 10
150.75
 20
1048.75
 10
150.754
 20
1048.9
 10
150.764
 20
1049.04
 10
150.782
 20
1049.19
 10
150.808
 20
1049.34
 10
150.84
 20
1049.48
 10
150.879
 20
1049.62
 10
150.925
 20
1049.76
 10
150.978
 20
1049.9
 10
151.038
 20
1050.03
 10
151.104
 20
1050.16
 10
151.177
 20
1050.29
 10
151.256
 20
1050.42
 10
151.34
 20
1050.54
 10
151.431
 20
1050.65
 10
151.527
 20
1050.76
 10
151.629
 20
1050.87
 10
151.735
 20
1050.97
 10
151.847
 20
1051.07
 10
151.963
 20
1051.16
 10
152.083
 20
1051.24
 10
152.208
 20
1051.32
 10
152.336
 20
1051.4
 10
152.467
 20
1051.46
 10
152.602
 20
1051.52
 10
152.739
 20
1051.57
 10
152.879
 20
1051.62
 10
153.021
 20
1051.66
 10
153.165
 20
1051.69
 10
153.31
 20
1051.72
 10
153.456
 20
1051.74
 10
153.603
 20
1051.75
 10
153.75
 20
1051.75
 10
153.897
 20
1051.75
 10
154.044
 20
1051.74
 10
154.19
 20
1051.72
 10
154.335
 20
1051.69
 10
154.479
 20
1051.66
 10
154.621
 20
1051.62
 10
154.761
 20
1051.57
 10
154.898
 20
1051.52
 10
155.033
 20
1051.46
 10
155.164
 20
1051.4
 10
155.292
 20
1051.32
 10
155.417
 20
1051.24
 10
155.537
 20
1051.16
 10
155.653
 20
1051.07
 10
155.765
 20
1050.97
 10
155.871
 20
1050.87
 10
155.973
 20
1050.76
 10
156.069
 20
1050.65
 10
156.16
 20
1050.54
 10
156.244
 20
1050.42
 10
156.323
 20
1050.29
 10
156.396
 20
1050.16
 10
156.462
 20
1050.03
 10
156.522
 20
1049.9
 10
156.575
 20
1049.76
 10
156.621
 20
1049.62
 10
156.66
 20
1049.48
 10
156.692
 20
1049.34
 10
156.718
 20
1049.19
 10
156.736
 20
1049.04
 10
156.746
 20
1048.9
 10
156.75
 20
1048.75
 10
156.746
 20
1048.6
 10
156.736
 20
1048.46
 10
156.718
 20
1048.31
 10
156.692
 20
1048.16
 10
156.66
 20
1048.02
 10
156.621
 20
1047.88
 10
156.575
 20
1047.74
 10
156.522
 20
1047.6
 10
156.462
 20
1047.47
 10
156.396
 20
1047.34
 10
156.323
 20
1047.21
 10
156.244
 20
1047.08
 10
156.16
 20
1046.96
 10
156.069
 20
1046.85
 10
155.973
 20
1046.74
 10
155.871
 20
1046.63
 10
155.765
 20
1046.53
 10
155.653
 20
1046.43
 10
155.537
 20
1046.34
 10
155.417
 20
1046.26
 10
155.292
 20
1046.18
 10
155.164
 20
1046.1
 10
155.033
 20
1046.04
 10
154.898
 20
1045.98
 10
154.761
 20
1045.93
 10
154.621
 20
1045.88
 10
154.479
 20
1045.84
 10
154.335
 20
1045.81
 10
154.19
 20
1045.78
 10
154.044
 20
1045.76
 10
153.897
 20
1045.75
 10
153.75
 20
1045.75
  0
LWPOLYLINE
100
AcDbEntity
  8
0
100
AcDbPolyline
 90
128
 70
1
 10
31.1028
 20
1023.75
 10
30.9559
 20
1023.76
 10
30.8098
 20
1023.78
 10
30.6647
 20
1023.81
 10
30.5211
 20
1023.84
 10
30.3791
 20
1023.88
 10
30.2393
 20
1023.93
 10
30.1019
 20
1023.98
 10
29.9673
 20
1024.04
 10
29.8358
 20
1024.1
 10
29.7077
 20
1024.18
 10
29.5833
 20
1024.26
 10
29.4629
 20
1024.34
 10
29.3468
 20
1024.43
 10
29.2353
 20
1024.53
 10
29.1287
 20
1024.63
 10
29.0271
 20
1024.74
 10
28.931
 20
1024.85
 10
28.8404
 20
1024.96
 10
28.7556
 20
1025.08
 10
28.6768
 20
1025.21
 10
28.6042
 20
1025.34
 10
28.538
 20
1025.47
 10
28.4784
 20
1025.6
 10
28.4254
 20
1025.74
 10
28.3792
 20
1025.88
 10
28.3399
 20
1026.02
 10
28.3076
 20
1026.16
 10
28.2825
 20
1026.31
 10
28.2644
 20
1026.46
 10
28.2536
 20
1026.6
 10
28.25
 20
1026.75
 10
28.2536
 20
1026.9
 10
28.2644
 20
1027.04
 10
28.2825
 20
1027.19
 10
28.3076
 20
1027.34
 10
28.3399
 20
1027.48
 10
28.3792
 20
1027.62
 10
28.4254
 20
1027.76
 10
28.4784
 20
1027.9
 10
28.538
 20
1028.03
 10
28.6042
 20
1028.16
 10
28.6768
 20
1028.29
 10
28.7556
 20
1028.42
 10
28.8404
 20
1028.54
 10
28.931
 20
1028.65
 10
29.0271
 20
1028.76
 10
29.1287
 20
1028.87
 10
29.2353
 20
1028.97
 10
29.3468
 20
1029.07
 10
29.4629
 20
1029.16
 10
29.5833
 20
1029.24
 10
29.7077
 20
1029.32
 10
29.8358
 20
1029.4
 10
29.9673
 20
1029.46
 10
30.1019
 20
1029.52
 10
30.2393
 20
1029.57
 10
30.3791
 20
1029.62
 10
30.5211
 20
1029.66
 10
30.6647
 20
1029.69
 10
30.8098
 20
1029.72
 10
30.9559
 20
1029.74
 10
31.1028
 20
1029.75
 10
31.25
 20
1029.75
 10
31.3972
 20
1029.75
 10
31.5441
 20
1029.74
 10
31.6902
 20
1029.72
 10
31.8353
 20
1029.69
 10
31.9789
 20
1029.66
 10
32.1209
 20
1029.62
 10
32.2607
 20
1029.57
 10
32.3981
 20
1029.52
 10
32.5327
 20
1029.46
 10
32.6642
 20
1029.4
 10
32.7923
 20
1029.32
 10
32.9167
 20
1029.24
 10
33.0371
 20
1029.16
 10
33.1532
 20
1029.07
 10
33.2647
 20
1028.97
 10
33.3713
 20
1028.87
 10
33.4729
 20
1028.76
 10
33.569
 20
1028.65
 10
33.6596
 20
1028.54
 10
33.7444
 20
1028.42
 10
33.8232
 20
1028.29
 10
33.8958
 20
1028.16
 10
33.962
 20
1028.03
 10
34.0216
 20
1027.9
 10
34.0746
 20
1027.76
 10
34.1208
 20
1027.62
 10
34.1601
 20
1027.48
 10
34.1924
 20
1027.34
 10
34.2175
 20
1027.19
 10
34.2356
 20
1027.04
 10
34.2464
 20
1026.9
 10
34.25
 20
1026.75
 10
34.2464
 20
1026.6
 10
34.2356
 20
1026.46
 10
34.2175
 20
1026.31
 10
34.1924
 20
1026.16
 10
34.1601
 20
1026.02
 10
34.1208
 20
1025.88
 10
34.0746
 20
1025.74
 10
34.0216
 20
1025.6
 10
33.962
 20
1025.47
 10
33.8958
 20
1025.34
 10
33.8232
 20
1025.21
 10
33.7444
 20
1025.08
 10
33.6596
 20
1024.96
 10
33.569
 20
1024.85
 10
33.4729
 20
1024.74
 10
33.3713
 20
1024.63
 10
33.2647
 20
1024.53
 10
33.1532
 20
1024.43
 10
33.0371
 20
1024.34
 10
32.9167
 20
1024.26
 10
32.7923
 20
1024.18
 10
32.6642
 20
1024.1
 10
32.5327
 20
1024.04
 10
32.3981
 20
1023.98
 10
32.2607
 20
1023.93
 10
32.1209
 20
1023.88
 10
31.9789
 20
1023.84
 10
31.8353
 20
1023.81
 10
31.6902
 20
1023.78
 10
31.5441
 20
1023.76
 10
31.3972
 20
1023.75
 10
31.25
 20
1023.75
  0
LWPOLYLINE
100
AcDbEntity
  8
0
100
AcDbPolyline
 90
128
 70
1
 10
153.603
 20
1023.75
 10
153.456
 20
1023.76
 10
153.31
 20
1023.78
 10
153.165
 20
1023.81
 10
153.021
 20
1023.84
 10
152.879
 20
1023.88
 10
152.739
 20
1023.93
 10
152.602
 20
1023.98
 10
152.467
 20
1024.04
 10
152.336
 20
1024.1
 10
152.208
 20
1024.18
 10
152.083
 20
1024.26
 10
151.963
 20
1024.34
 10
151.847
 20
1024.43
 10
151.735
 20
1024.53
 10
151.629
 20
1024.63
 10
151.527
 20
1024.74
 10
151.431
 20
1024.85
 10
151.34
 20
1024.96
 10
151.256
 20
1025.08
 10
151.177
 20
1025.21
 10
151.104
 20
1025.34
 10
151.038
 20
1025.47
 10
150.978
 20
1025.6
 10
150.925
 20
1025.74
 10
150.879
 20
1025.88
 10
150.84
 20
1026.02
 10
150.808
 20
1026.16
 10
150.782
 20
1026.31
 10
150.764
 20
1026.46
 10
150.754
 20
1026.6
 10
150.75
 20
1026.75
 10
150.754
 20
1026.9
 10
150.764
 20
1027.04
 10
150.782
 20
1027.19
 10
150.808
 20
1027.34
 10
150.84
 20
1027.48
 10
150.879
 20
1027.62
 10
150.925
 20
1027.76
 10
150.978
 20
1027.9
 10
151.038
 20
1028.03
 10
151.104
 20
1028.16
 10
151.177
 20
1028.29
 10
151.256
 20
1028.42
 10
151.34
 20
1028.54
 10
151.431
 20
1028.65
 10
151.527
 20
1028.76
 10
151.629
 20
1028.87
 10
151.735
 20
1028.97
 10
151.847
 20
1029.07
 10
151.963
 20
1029.16
 10
152.083
 20
1029.24
 10
152.208
 20
1029.32
 10
152.336
 20
1029.4
 10
152.467
 20
1029.46
 10
152.602
 20
1029.52
 10
152.739
 20
1029.57
 10
152.879
 20
1029.62
 10
153.021
 20
1029.66
 10
153.165
 20
1029.69
 10
153.31
 20
1029.72
 10
153.456
 20
1029.74
 10
153.603
 20
1029.75
 10
153.75
 20
1029.75
 10
153.897
 20
1029.75
 10
154.044
 20
1029.74
 10
154.19
 20
1029.72
 10
154.335
 20
1029.69
 10
154.479
 20
1029.66
 10
154.621
 20
1029.62
 10
154.761
 20
1029.57
 10
154.898
 20
1029.52
 10
155.033
 20
1029.46
 10
155.164
 20
1029.4
 10
155.292
 20
1029.32
 10
155.417
 20
1029.24
 10
155.537
 20
1029.16
 10
155.653
 20
1029.07
 10
155.765
 20
1028.97
 10
155.871
 20
1028.87
 10
155.973
 20
1028.76
 10
156.069
 20
1028.65
 10
156.16
 20
1028.54
 10
156.244
 20
1028.42
 10
156.323
 20
1028.29
 10
156.396
 20
1028.16
 10
156.462
 20
1028.03
 10
156.522
 20
1027.9
 10
156.575
 20
1027.76
 10
156.621
 20
1027.62
 10
156.66
 20
1027.48
 10
156.692
 20
1027.34
 10
156.718
 20
1027.19
 10
156.736
 20
1027.04
 10
156.746
 20
1026.9
 10
156.75
 20
1026.75
 10
156.746
 20
1026.6
 10
156.736
 20
1026.46
 10
156.718
 20
1026.31
 10
156.692
 20
1026.16
 10
156.66
 20
1026.02
 10
156.621
 20
1025.88
 10
156.575
 20
1025.74
 10
156.522
 20
1025.6
 10
156.462
 20
1025.47
 10
156.396
 20
1025.34
 10
156.323
 20
1025.21
 10
156.244
 20
1025.08
 10
156.16
 20
1024.96
 10
156.069
 20
1024.85
 10
155.973
 20
1024.74
 10
155.871
 20
1024.63
 10
155.765
 20
1024.53
 10
155.653
 20
1024.43
 10
155.537
 20
1024.34
 10
155.417
 20
1024.26
 10
155.292
 20
1024.18
 10
155.164
 20
1024.1
 10
155.033
 20
1024.04
 10
154.898
 20
1023.98
 10
154.761
 20
1023.93
 10
154.621
 20
1023.88
 10
154.479
 20
1023.84
 10
154.335
 20
1023.81
 10
154.19
 20
1023.78
 10
154.044
 20
1023.76
 10
153.897
 20
1023.75
 10
153.75
 20
1023.75
  0
LWPOLYLINE
100
AcDbEntity
  8
0
100
AcDbPolyline
 90
4
 70
1
 10
22
 20
1007.38
 10
26
 20
1007.38
 10
26
 20
987.375
 10
22
 20
987.375
  0
LWPOLYLINE
100
AcDbEntity
  8
0
100
AcDbPolyline
 90
4
 70
1
 10
159
 20
1007.38
 10
163
 20
1007.38
 10
163
 20
987.375
 10
159
 20
987.375
  0
LWPOLYLINE
100
AcDbEntity
  8
0
100
AcDbPolyline
 90
4
 70
1
 10
22
 20
881.125
 10
26
 20
881.125
 10
26
 20
861.125
 10
22
 20
861.125
  0
LWPOLYLINE
100
AcDbEntity
  8
0
100
AcDbPolyline
 90
4
 70
1
 10
159
 20
881.125
 10
163
 20
881.125
 10
163
 20
861.125
 10
159
 20
861.125
  0
LWPOLYLINE
100
AcDbEntity
  8
0
100
AcDbPolyline
 90
4
 70
1
 10
22
 20
754.875
 10
26
 20
754.875
 10
26
 20
734.875
 10
22
 20
734.875
  0
LWPOLYLINE
100
AcDbEntity
  8
0
100
AcDbPolyline
 90
4
 70
1
 10
159
 20
754.875
 10
163
 20
754.875
 10
163
 20
734.875
 10
159
 20
734.875
  0
LWPOLYLINE
100
AcDbEntity
  8
0
100
AcDbPolyline
 90
4
 70
1
 10
22
 20
628.625
 10
26
 20
628.625
 10
26
 20
608.625
 10
22
 20
608.625
  0
LWPOLYLINE
100
AcDbEntity
  8
0
100
AcDbPolyline
 90
4
 70
1
 10
159
 20
628.625
 10
163
 20
628.625
 10
163
 20
608.625
 10
159
 20
608.625
  0
LWPOLYLINE
100
AcDbEntity
  8
0
100
AcDbPolyline
 90
128
 70
1
 10
31.1028
 20
586.254
 10
30.9559
 20
586.264
 10
30.8098
 20
586.282
 10
30.6647
 20
586.308
 10
30.5211
 20
586.34
 10
30.3791
 20
586.379
 10
30.2393
 20
586.425
 10
30.1019
 20
586.478
 10
29.9673
 20
586.538
 10
29.8358
 20
586.604
 10
29.7077
 20
586.677
 10
29.5833
 20
586.756
 10
29.4629
 20
586.84
 10
29.3468
 20
586.931
 10
29.2353
 20
587.027
 10
29.1287
 20
587.129
 10
29.0271
 20
587.235
 10
28.931
 20
587.347
 10
28.8404
 20
587.463
 10
28.7556
 20
587.583
 10
28.6768
 20
587.708
 10
28.6042
 20
587.836
 10
28.538
 20
587.967
 10
28.4784
 20
588.102
 10
28.4254
 20
588.239
 10
28.3792
 20
588.379
 10
28.3399
 20
588.521
 10
28.3076
 20
588.665
 10
28.2825
 20
588.81
 10
28.2644
 20
588.956
 10
28.2536
 20
589.103
 10
28.25
 20
589.25
 10
28.2536
 20
589.397
 10
28.2644
 20
589.544
 10
28.2825
 20
589.69
 10
28.3076
 20
589.835
 10
28.3399
 20
589.979
 10
28.3792
 20
590.121
 10
28.4254
 20
590.261
 10
28.4784
 20
590.398
 10
28.538
 20
590.533
 10
28.6042
 20
590.664
 10
28.6768
 20
590.792
 10
28.7556
 20
590.917
 10
28.8404
 20
591.037
 10
28.931
 20
591.153
 10
29.0271
 20
591.265
 10
29.1287
 20
591.371
 10
29.2353
 20
591.473
 10
29.3468
 20
591.569
 10
29.4629
 20
591.66
 10
29.5833
 20
591.744
 10
29.7077
 20
591.823
 10
29.8358
 20
591.896
 10
29.9673
 20
591.962
 10
30.1019
 20
592.022
 10
30.2393
 20
592.075
 10
30.3791
 20
592.121
 10
30.5211
 20
592.16
 10
30.6647
 20
592.192
 10
30.8098
 20
592.218
 10
30.9559
 20
592.236
 10
31.1028
 20
592.246
 10
31.25
 20
592.25
 10
31.3972
 20
592.246
 10
31.5441
 20
592.236
 10
31.6902
 20
592.218
 10
31.8353
 20
592.192
 10
31.9789
 20
592.16
 10
32.1209
 20
592.121
 10
32.2607
 20
592.075
 10
32.3981
 20
592.022
 10
32.5327
 20
591.962
 10
32.6642
 20
591.896
 10
32.7923
 20
591.823
 10
32.9167
 20
591.744
 10
33.0371
 20
591.66
 10
33.1532
 20
591.569
 10
33.2647
 20
591.473
 10
33.3713
 20
591.371
 10
33.4729
 20
591.265
 10
33.569
 20
591.153
 10
33.6596
 20
591.037
 10
33.7444
 20
590.917
 10
33.8232
 20
590.792
 10
33.8958
 20
590.664
 10
33.962
 20
590.533
 10
34.0216
 20
590.398
 10
34.0746
 20
590.261
 10
34.1208
 20
590.121
 10
34.1601
 20
589.979
 10
34.1924
 20
589.835
 10
34.2175
 20
589.69
 10
34.2356
 20
589.544
 10
34.2464
 20
589.397
 10
34.25
 20
589.25
 10
34.2464
 20
589.103
 10
34.2356
 20
588.956
 10
34.2175
 20
588.81
 10
34.1924
 20
588.665
 10
34.1601
 20
588.521
 10
34.1208
 20
588.379
 10
34.0746
 20
588.239
 10
34.0216
 20
588.102
 10
33.962
 20
587.967
 10
33.8958
 20
587.836
 10
33.8232
 20
587.708
 10
33.7444
 20
587.583
 10
33.6596
 20
587.463
 10
33.569
 20
587.347
 10
33.4729
 20
587.235
 10
33.3713
 20
587.129
 10
33.2647
 20
587.027
 10
33.1532
 20
586.931
 10
33.0371
 20
586.84
 10
32.9167
 20
586.756
 10
32.7923
 20
586.677
 10
32.6642
 20
586.604
 10
32.5327
 20
586.538
 10
32.3981
 20
586.478
 10
32.2607
 20
586.425
 10
32.1209
 20
586.379
 10
31.9789
 20
586.34
 10
31.8353
 20
586.308
 10
31.6902
 20
586.282
 10
31.5441
 20
586.264
 10
31.3972
 20
586.254
 10
31.25
 20
586.25
  0
LWPOLYLINE
100
AcDbEntity
  8
0
100
AcDbPolyline
 90
128
 70
1
 10
153.603
 20
586.254
 10
153.456
 20
586.264
 10
153.31
 20
586.282
 10
153.165
 20
586.308
 10
153.021
 20
586.34
 10
152.879
 20
586.379
 10
152.739
 20
586.425
 10
152.602
 20
586.478
 10
152.467
 20
586.538
 10
152.336
 20
586.604
 10
152.208
 20
586.677
 10
152.083
 20
586.756
 10
151.963
 20
586.84
 10
151.847
 20
586.931
 10
151.735
 20
587.027
 10
151.629
 20
587.129
 10
151.527
 20
587.235
 10
151.431
 20
587.347
 10
151.34
 20
587.463
 10
151.256
 20
587.583
 10
151.177
 20
587.708
 10
151.104
 20
587.836
 10
151.038
 20
587.967
 10
150.978
 20
588.102
 10
150.925
 20
588.239
 10
150.879
 20
588.379
 10
150.84
 20
588.521
 10
150.808
 20
588.665
 10
150.782
 20
588.81
 10
150.764
 20
588.956
 10
150.754
 20
589.103
 10
150.75
 20
589.25
 10
150.754
 20
589.397
 10
150.764
 20
589.544
 10
150.782
 20
589.69
 10
150.808
 20
589.835
 10
150.84
 20
589.979
 10
150.879
 20
590.121
 10
150.925
 20
590.261
 10
150.978
 20
590.398
 10
151.038
 20
590.533
 10
151.104
 20
590.664
 10
151.177
 20
590.792
 10
151.256
 20
590.917
 10
151.34
 20
591.037
 10
151.431
 20
591.153
 10
151.527
 20
591.265
 10
151.629
 20
591.371
 10
151.735
 20
591.473
 10
151.847
 20
591.569
 10
151.963
 20
591.66
 10
152.083
 20
591.744
 10
152.208
 20
591.823
 10
152.336
 20
591.896
 10
152.467
 20
591.962
 10
152.602
 20
592.022
 10
152.739
 20
592.075
 10
152.879
 20
592.121
 10
153.021
 20
592.16
 10
153.165
 20
592.192
 10
153.31
 20
592.218
 10
153.456
 20
592.236
 10
153.603
 20
592.246
 10
153.75
 20
592.25
 10
153.897
 20
592.246
 10
154.044
 20
592.236
 10
154.19
 20
592.218
 10
154.335
 20
592.192
 10
154.479
 20
592.16
 10
154.621
 20
592.121
 10
154.761
 20
592.075
 10
154.898
 20
592.022
 10
155.033
 20
591.962
 10
155.164
 20
591.896
 10
155.292
 20
591.823
 10
155.417
 20
591.744
 10
155.537
 20
591.66
 10
155.653
 20
591.569
 10
155.765
 20
591.473
 10
155.871
 20
591.371
 10
155.973
 20
591.265
 10
156.069
 20
591.153
 10
156.16
 20
591.037
 10
156.244
 20
590.917
 10
156.323
 20
590.792
 10
156.396
 20
590.664
 10
156.462
 20
590.533
 10
156.522
 20
590.398
 10
156.575
 20
590.261
 10
156.621
 20
590.121
 10
156.66
 20
589.979
 10
156.692
 20
589.835
 10
156.718
 20
589.69
 10
156.736
 20
589.544
 10
156.746
 20
589.397
 10
156.75
 20
589.25
 10
156.746
 20
589.103
 10
156.736
 20
588.956
 10
156.718
 20
588.81
 10
156.692
 20
588.665
 10
156.66
 20
588.521
 10
156.621
 20
588.379
 10
156.575
 20
588.239
 10
156.522
 20
588.102
 10
156.462
 20
587.967
 10
156.396
 20
587.836
 10
156.323
 20
587.708
 10
156.244
 20
587.583
 10
156.16
 20
587.463
 10
156.069
 20
587.347
 10
155.973
 20
587.235
 10
155.871
 20
587.129
 10
155.765
 20
587.027
 10
155.653
 20
586.931
 10
155.537
 20
586.84
 10
155.417
 20
586.756
 10
155.292
 20
586.677
 10
155.164
 20
586.604
 10
155.033
 20
586.538
 10
154.898
 20
586.478
 10
154.761
 20
586.425
 10
154.621
 20
586.379
 10
154.479
 20
586.34
 10
154.335
 20
586.308
 10
154.19
 20
586.282
 10
154.044
 20
586.264
 10
153.897
 20
586.254
 10
153.75
 20
586.25
  0
LWPOLYLINE
100
AcDbEntity
  8
0
100
AcDbPolyline
 90
128
 70
1
 10
31.1028
 20
564.254
 10
30.9559
 20
564.264
 10
30.8098
 20
564.282
 10
30.6647
 20
564.308
 10
30.5211
 20
564.34
 10
30.3791
 20
564.379
 10
30.2393
 20
564.425
 10
30.1019
 20
564.478
 10
29.9673
 20
564.538
 10
29.8358
 20
564.604
 10
29.7077
 20
564.677
 10
29.5833
 20
564.756
 10
29.4629
 20
564.84
 10
29.3468
 20
564.931
 10
29.2353
 20
565.027
 10
29.1287
 20
565.129
 10
29.0271
 20
565.235
 10
28.931
 20
565.347
 10
28.8404
 20
565.463
 10
28.7556
 20
565.583
 10
28.6768
 20
565.708
 10
28.6042
 20
565.836
 10
28.538
 20
565.967
 10
28.4784
 20
566.102
 10
28.4254
 20
566.239
 10
28.3792
 20
566.379
 10
28.3399
 20
566.521
 10
28.3076
 20
566.665
 10
28.2825
 20
566.81
 10
28.2644
 20
566.956
 10
28.2536
 20
567.103
 10
28.25
 20
567.25
 10
28.2536
 20
567.397
 10
28.2644
 20
567.544
 10
28.2825
 20
567.69
 10
28.3076
 20
567.835
 10
28.3399
 20
567.979
 10
28.3792
 20
568.121
 10
28.4254
 20
568.261
 10
28.4784
 20
568.398
 10
28.538
 20
568.533
 10
28.6042
 20
568.664
 10
28.6768
 20
568.792
 10
28.7556
 20
568.917
 10
28.8404
 20
569.037
 10
28.931
 20
569.153
 10
29.0271
 20
569.265
 10
29.1287
 20
569.371
 10
29.2353
 20
569.473
 10
29.3468
 20
569.569
 10
29.4629
 20
569.66
 10
29.5833
 20
569.744
 10
29.7077
 20
569.823
 10
29.8358
 20
569.896
 10
29.9673
 20
569.962
 10
30.1019
 20
570.022
 10
30.2393
 20
570.075
 10
30.3791
 20
570.121
 10
30.5211
 20
570.16
 10
30.6647
 20
570.192
 10
30.8098
 20
570.218
 10
30.9559
 20
570.236
 10
31.1028
 20
570.246
 10
31.25
 20
570.25
 10
31.3972
 20
570.246
 10
31.5441
 20
570.236
 10
31.6902
 20
570.218
 10
31.8353
 20
570.192
 10
31.9789
 20
570.16
 10
32.1209
 20
570.121
 10
32.2607
 20
570.075
 10
32.3981
 20
570.022
 10
32.5327
 20
569.962
 10
32.6642
 20
569.896
 10
32.7923
 20
569.823
 10
32.9167
 20
569.744
 10
33.0371
 20
569.66
 10
33.1532
 20
569.569
 10
33.2647
 20
569.473
 10
33.3713
 20
569.371
 10
33.4729
 20
569.265
 10
33.569
 20
569.153
 10
33.6596
 20
569.037
 10
33.7444
 20
568.917
 10
33.8232
 20
568.792
 10
33.8958
 20
568.664
 10
33.962
 20
568.533
 10
34.0216
 20
568.398
 10
34.0746
 20
568.261
 10
34.1208
 20
568.121
 10
34.1601
 20
567.979
 10
34.1924
 20
567.835
 10
34.2175
 20
567.69
 10
34.2356
 20
567.544
 10
34.2464
 20
567.397
 10
34.25
 20
567.25
 10
34.2464
 20
567.103
 10
34.2356
 20
566.956
 10
34.2175
 20
566.81
 10
34.1924
 20
566.665
 10
34.1601
 20
566.521
 10
34.1208
 20
566.379
 10
34.0746
 20
566.239
 10
34.0216
 20
566.102
 10
33.962
 20
565.967
 10
33.8958
 20
565.836
 10
33.8232
 20
565.708
 10
33.7444
 20
565.583
 10
33.6596
 20
565.463
 10
33.569
 20
565.347
 10
33.4729
 20
565.235
 10
33.3713
 20
565.129
 10
33.2647
 20
565.027
 10
33.1532
 20
564.931
 10
33.0371
 20
564.84
 10
32.9167
 20
564.756
 10
32.7923
 20
564.677
 10
32.6642
 20
564.604
 10
32.5327
 20
564.538
 10
32.3981
 20
564.478
 10
32.2607
 20
564.425
 10
32.1209
 20
564.379
 10
31.9789
 20
564.34
 10
31.8353
 20
564.308
 10
31.6902
 20
564.282
 10
31.5441
 20
564.264
 10
31.3972
 20
564.254
 10
31.25
 20
564.25
  0
LWPOLYLINE
100
AcDbEntity
  8
0
100
AcDbPolyline
 90
128
 70
1
 10
153.603
 20
564.254
 10
153.456
 20
564.264
 10
153.31
 20
564.282
 10
153.165
 20
564.308
 10
153.021
 20
564.34
 10
152.879
 20
564.379
 10
152.739
 20
564.425
 10
152.602
 20
564.478
 10
152.467
 20
564.538
 10
152.336
 20
564.604
 10
152.208
 20
564.677
 10
152.083
 20
564.756
 10
151.963
 20
564.84
 10
151.847
 20
564.931
 10
151.735
 20
565.027
 10
151.629
 20
565.129
 10
151.527
 20
565.235
 10
151.431
 20
565.347
 10
151.34
 20
565.463
 10
151.256
 20
565.583
 10
151.177
 20
565.708
 10
151.104
 20
565.836
 10
151.038
 20
565.967
 10
150.978
 20
566.102
 10
150.925
 20
566.239
 10
150.879
 20
566.379
 10
150.84
 20
566.521
 10
150.808
 20
566.665
 10
150.782
 20
566.81
 10
150.764
 20
566.956
 10
150.754
 20
567.103
 10
150.75
 20
567.25
 10
150.754
 20
567.397
 10
150.764
 20
567.544
 10
150.782
 20
567.69
 10
150.808
 20
567.835
 10
150.84
 20
567.979
 10
150.879
 20
568.121
 10
150.925
 20
568.261
 10
150.978
 20
568.398
 10
151.038
 20
568.533
 10
151.104
 20
568.664
 10
151.177
 20
568.792
 10
151.256
 20
568.917
 10
151.34
 20
569.037
 10
151.431
 20
569.153
 10
151.527
 20
569.265
 10
151.629
 20
569.371
 10
151.735
 20
569.473
 10
151.847
 20
569.569
 10
151.963
 20
569.66
 10
152.083
 20
569.744
 10
152.208
 20
569.823
 10
152.336
 20
569.896
 10
152.467
 20
569.962
 10
152.602
 20
570.022
 10
152.739
 20
570.075
 10
152.879
 20
570.121
 10
153.021
 20
570.16
 10
153.165
 20
570.192
 10
153.31
 20
570.218
 10
153.456
 20
570.236
 10
153.603
 20
570.246
 10
153.75
 20
570.25
 10
153.897
 20
570.246
 10
154.044
 20
570.236
 10
154.19
 20
570.218
 10
154.335
 20
570.192
 10
154.479
 20
570.16
 10
154.621
 20
570.121
 10
154.761
 20
570.075
 10
154.898
 20
570.022
 10
155.033
 20
569.962
 10
155.164
 20
569.896
 10
155.292
 20
569.823
 10
155.417
 20
569.744
 10
155.537
 20
569.66
 10
155.653
 20
569.569
 10
155.765
 20
569.473
 10
155.871
 20
569.371
 10
155.973
 20
569.265
 10
156.069
 20
569.153
 10
156.16
 20
569.037
 10
156.244
 20
568.917
 10
156.323
 20
568.792
 10
156.396
 20
568.664
 10
156.462
 20
568.533
 10
156.522
 20
568.398
 10
156.575
 20
568.261
 10
156.621
 20
568.121
 10
156.66
 20
567.979
 10
156.692
 20
567.835
 10
156.718
 20
567.69
 10
156.736
 20
567.544
 10
156.746
 20
567.397
 10
156.75
 20
567.25
 10
156.746
 20
567.103
 10
156.736
 20
566.956
 10
156.718
 20
566.81
 10
156.692
 20
566.665
 10
156.66
 20
566.521
 10
156.621
 20
566.379
 10
156.575
 20
566.239
 10
156.522
 20
566.102
 10
156.462
 20
565.967
 10
156.396
 20
565.836
 10
156.323
 20
565.708
 10
156.244
 20
565.583
 10
156.16
 20
565.463
 10
156.069
 20
565.347
 10
155.973
 20
565.235
 10
155.871
 20
565.129
 10
155.765
 20
565.027
 10
155.653
 20
564.931
 10
155.537
 20
564.84
 10
155.417
 20
564.756
 10
155.292
 20
564.677
 10
155.164
 20
564.604
 10
155.033
 20
564.538
 10
154.898
 20
564.478
 10
154.761
 20
564.425
 10
154.621
 20
564.379
 10
154.479
 20
564.34
 10
154.335
 20
564.308
 10
154.19
 20
564.282
 10
154.044
 20
564.264
 10
153.897
 20
564.254
 10
153.75
 20
564.25
  0
LWPOLYLINE
100
AcDbEntity
  8
0
100
AcDbPolyline
 90
16
 70
1
 10
296
 20
555.5
 10
342.25
 20
555.5
 10
342.25
 20
551.5
 10
388.5
 20
551.5
 10
388.5
 20
1064.5
 10
342.25
 20
1064.5
 10
342.25
 20
1060.5
 10
296
 20
1060.5
 10
296
 20
1064.5
 10
249.75
 20
1064.5
 10
249.75
 20
1060.5
 10
203.5
 20
1060.5
 10
203.5
 20
555.5
 10
249.75
 20
555.5
 10
249.75
 20
551.5
 10
296
 20
551.5
  0
LWPOLYLINE
100
AcDbEntity
  8
0
100
AcDbPolyline
 90
128
 70
1
 10
234.603
 20
1045.75
 10
234.456
 20
1045.76
 10
234.31
 20
1045.78
 10
234.165
 20
1045.81
 10
234.021
 20
1045.84
 10
233.879
 20
1045.88
 10
233.739
 20
1045.93
 10
233.602
 20
1045.98
 10
233.467
 20
1046.04
 10
233.336
 20
1046.1
 10
233.208
 20
1046.18
 10
233.083
 20
1046.26
 10
232.963
 20
1046.34
 10
232.847
 20
1046.43
 10
232.735
 20
1046.53
 10
232.629
 20
1046.63
 10
232.527
 20
1046.74
 10
232.431
 20
1046.85
 10
232.34
 20
1046.96
 10
232.256
 20
1047.08
 10
232.177
 20
1047.21
 10
232.104
 20
1047.34
 10
232.038
 20
1047.47
 10
231.978
 20
1047.6
 10
231.925
 20
1047.74
 10
231.879
 20
1047.88
 10
231.84
 20
1048.02
 10
231.808
 20
1048.16
 10
231.782
 20
1048.31
 10
231.764
 20
1048.46
 10
231.754
 20
1048.6
 10
231.75
 20
1048.75
 10
231.754
 20
1048.9
 10
231.764
 20
1049.04
 10
231.782
 20
1049.19
 10
231.808
 20
1049.34
 10
231.84
 20
1049.48
 10
231.879
 20
1049.62
 10
231.925
 20
1049.76
 10
231.978
 20
1049.9
 10
232.038
 20
1050.03
 10
232.104
 20
1050.16
 10
232.177
 20
1050.29
 10
232.256
 20
1050.42
 10
232.34
 20
1050.54
 10
232.431
 20
1050.65
 10
232.527
 20
1050.76
 10
232.629
 20
1050.87
 10
232.735
 20
1050.97
 10
232.847
 20
1051.07
 10
232.963
 20
1051.16
 10
233.083
 20
1051.24
 10
233.208
 20
1051.32
 10
233.336
 20
1051.4
 10
233.467
 20
1051.46
 10
233.602
 20
1051.52
 10
233.739
 20
1051.57
 10
233.879
 20
1051.62
 10
234.021
 20
1051.66
 10
234.165
 20
1051.69
 10
234.31
 20
1051.72
 10
234.456
 20
1051.74
 10
234.603
 20
1051.75
 10
234.75
 20
1051.75
 10
234.897
 20
1051.75
 10
235.044
 20
1051.74
 10
235.19
 20
1051.72
 10
235.335
 20
1051.69
 10
235.479
 20
1051.66
 10
235.621
 20
1051.62
 10
235.761
 20
1051.57
 10
235.898
 20
1051.52
 10
236.033
 20
1051.46
 10
236.164
 20
1051.4
 10
236.292
 20
1051.32
 10
236.417
 20
1051.24
 10
236.537
 20
1051.16
 10
236.653
 20
1051.07
 10
236.765
 20
1050.97
 10
236.871
 20
1050.87
 10
236.973
 20
1050.76
 10
237.069
 20
1050.65
 10
237.16
 20
1050.54
 10
237.244
 20
1050.42
 10
237.323
 20
1050.29
 10
237.396
 20
1050.16
 10
237.462
 20
1050.03
 10
237.522
 20
1049.9
 10
237.575
 20
1049.76
 10
237.621
 20
1049.62
 10
237.66
 20
1049.48
 10
237.692
 20
1049.34
 10
237.718
 20
1049.19
 10
237.736
 20
1049.04
 10
237.746
 20
1048.9
 10
237.75
 20
1048.75
 10
237.746
 20
1048.6
 10
237.736
 20
1048.46
 10
237.718
 20
1048.31
 10
237.692
 20
1048.16
 10
237.66
 20
1048.02
 10
237.621
 20
1047.88
 10
237.575
 20
1047.74
 10
237.522
 20
1047.6
 10
237.462
 20
1047.47
 10
237.396
 20
1047.34
 10
237.323
 20
1047.21
 10
237.244
 20
1047.08
 10
237.16
 20
1046.96
 10
237.069
 20
1046.85
 10
236.973
 20
1046.74
 10
236.871
 20
1046.63
 10
236.765
 20
1046.53
 10
236.653
 20
1046.43
 10
236.537
 20
1046.34
 10
236.417
 20
1046.26
 10
236.292
 20
1046.18
 10
236.164
 20
1046.1
 10
236.033
 20
1046.04
 10
235.898
 20
1045.98
 10
235.761
 20
1045.93
 10
235.621
 20
1045.88
 10
235.479
 20
1045.84
 10
235.335
 20
1045.81
 10
235.19
 20
1045.78
 10
235.044
 20
1045.76
 10
234.897
 20
1045.75
 10
234.75
 20
1045.75
  0
LWPOLYLINE
100
AcDbEntity
  8
0
100
AcDbPolyline
 90
128
 70
1
 10
357.103
 20
1045.75
 10
356.956
 20
1045.76
 10
356.81
 20
1045.78
 10
356.665
 20
1045.81
 10
356.521
 20
1045.84
 10
356.379
 20
1045.88
 10
356.239
 20
1045.93
 10
356.102
 20
1045.98
 10
355.967
 20
1046.04
 10
355.836
 20
1046.1
 10
355.708
 20
1046.18
 10
355.583
 20
1046.26
 10
355.463
 20
1046.34
 10
355.347
 20
1046.43
 10
355.235
 20
1046.53
 10
355.129
 20
1046.63
 10
355.027
 20
1046.74
 10
354.931
 20
1046.85
 10
354.84
 20
1046.96
 10
354.756
 20
1047.08
 10
354.677
 20
1047.21
 10
354.604
 20
1047.34
 10
354.538
 20
1047.47
 10
354.478
 20
1047.6
 10
354.425
 20
1047.74
 10
354.379
 20
1047.88
 10
354.34
 20
1048.02
 10
354.308
 20
1048.16
 10
354.282
 20
1048.31
 10
354.264
 20
1048.46
 10
354.254
 20
1048.6
 10
354.25
 20
1048.75
 10
354.254
 20
1048.9
 10
354.264
 20
1049.04
 10
354.282
 20
1049.19
 10
354.308
 20
1049.34
 10
354.34
 20
1049.48
 10
354.379
 20
1049.62
 10
354.425
 20
1049.76
 10
354.478
 20
1049.9
 10
354.538
 20
1050.03
 10
354.604
 20
1050.16
 10
354.677
 20
1050.29
 10
354.756
 20
1050.42
 10
354.84
 20
1050.54
 10
354.931
 20
1050.65
 10
355.027
 20
1050.76
 10
355.129
 20
1050.87
 10
355.235
 20
1050.97
 10
355.347
 20
1051.07
 10
355.463
 20
1051.16
 10
355.583
 20
1051.24
 10
355.708
 20
1051.32
 10
355.836
 20
1051.4
 10
355.967
 20
1051.46
 10
356.102
 20
1051.52
 10
356.239
 20
1051.57
 10
356.379
 20
1051.62
 10
356.521
 20
1051.66
 10
356.665
 20
1051.69
 10
356.81
 20
1051.72
 10
356.956
 20
1051.74
 10
357.103
 20
1051.75
 10
357.25
 20
1051.75
 10
357.397
 20
1051.75
 10
357.544
 20
1051.74
 10
357.69
 20
1051.72
 10
357.835
 20
1051.69
 10
357.979
 20
1051.66
 10
358.121
 20
1051.62
 10
358.261
 20
1051.57
 10
358.398
 20
1051.52
 10
358.533
 20
1051.46
 10
358.664
 20
1051.4
 10
358.792
 20
1051.32
 10
358.917
 20
1051.24
 10
359.037
 20
1051.16
 10
359.153
 20
1051.07
 10
359.265
 20
1050.97
 10
359.371
 20
1050.87
 10
359.473
 20
1050.76
 10
359.569
 20
1050.65
 10
359.66
 20
1050.54
 10
359.744
 20
1050.42
 10
359.823
 20
1050.29
 10
359.896
 20
1050.16
 10
359.962
 20
1050.03
 10
360.022
 20
1049.9
 10
360.075
 20
1049.76
 10
360.121
 20
1049.62
 10
360.16
 20
1049.48
 10
360.192
 20
1049.34
 10
360.218
 20
1049.19
 10
360.236
 20
1049.04
 10
360.246
 20
1048.9
 10
360.25
 20
1048.75
 10
360.246
 20
1048.6
 10
360.236
 20
1048.46
 10
360.218
 20
1048.31
 10
360.192
 20
1048.16
 10
360.16
 20
1048.02
 10
360.121
 20
1047.88
 10
360.075
 20
1047.74
 10
360.022
 20
1047.6
 10
359.962
 20
1047.47
 10
359.896
 20
1047.34
 10
359.823
 20
1047.21
 10
359.744
 20
1047.08
 10
359.66
 20
1046.96
 10
359.569
 20
1046.85
 10
359.473
 20
1046.74
 10
359.371
 20
1046.63
 10
359.265
 20
1046.53
 10
359.153
 20
1046.43
 10
359.037
 20
1046.34
 10
358.917
 20
1046.26
 10
358.792
 20
1046.18
 10
358.664
 20
1046.1
 10
358.533
 20
1046.04
 10
358.398
 20
1045.98
 10
358.261
 20
1045.93
 10
358.121
 20
1045.88
 10
357.979
 20
1045.84
 10
357.835
 20
1045.81
 10
357.69
 20
1045.78
 10
357.544
 20
1045.76
 10
357.397
 20
1045.75
 10
357.25
 20
1045.75
  0
LWPOLYLINE
100
AcDbEntity
  8
0
100
AcDbPolyline
 90
128
 70
1
 10
234.603
 20
1023.75
 10
234.456
 20
1023.76
 10
234.31
 20
1023.78
 10
234.165
 20
1023.81
 10
234.021
 20
1023.84
 10
233.879
 20
1023.88
 10
233.739
 20
1023.93
 10
233.602
 20
1023.98
 10
233.467
 20
1024.04
 10
233.336
 20
1024.1
 10
233.208
 20
1024.18
 10
233.083
 20
1024.26
 10
232.963
 20
1024.34
 10
232.847
 20
1024.43
 10
232.735
 20
1024.53
 10
232.629
 20
1024.63
 10
232.527
 20
1024.74
 10
232.431
 20
1024.85
 10
232.34
 20
1024.96
 10
232.256
 20
1025.08
 10
232.177
 20
1025.21
 10
232.104
 20
1025.34
 10
232.038
 20
1025.47
 10
231.978
 20
1025.6
 10
231.925
 20
1025.74
 10
231.879
 20
1025.88
 10
231.84
 20
1026.02
 10
231.808
 20
1026.16
 10
231.782
 20
1026.31
 10
231.764
 20
1026.46
 10
231.754
 20
1026.6
 10
231.75
 20
1026.75
 10
231.754
 20
1026.9
 10
231.764
 20
1027.04
 10
231.782
 20
1027.19
 10
231.808
 20
1027.34
 10
231.84
 20
1027.48
 10
231.879
 20
1027.62
 10
231.925
 20
1027.76
 10
231.978
 20
1027.9
 10
232.038
 20
1028.03
 10
232.104
 20
1028.16
 10
232.177
 20
1028.29
 10
232.256
 20
1028.42
 10
232.34
 20
1028.54
 10
232.431
 20
1028.65
 10
232.527
 20
1028.76
 10
232.629
 20
1028.87
 10
232.735
 20
1028.97
 10
232.847
 20
1029.07
 10
232.963
 20
1029.16
 10
233.083
 20
1029.24
 10
233.208
 20
1029.32
 10
233.336
 20
1029.4
 10
233.467
 20
1029.46
 10
233.602
 20
1029.52
 10
233.739
 20
1029.57
 10
233.879
 20
1029.62
 10
234.021
 20
1029.66
 10
234.165
 20
1029.69
 10
234.31
 20
1029.72
 10
234.456
 20
1029.74
 10
234.603
 20
1029.75
 10
234.75
 20
1029.75
 10
234.897
 20
1029.75
 10
235.044
 20
1029.74
 10
235.19
 20
1029.72
 10
235.335
 20
1029.69
 10
235.479
 20
1029.66
 10
235.621
 20
1029.62
 10
235.761
 20
1029.57
 10
235.898
 20
1029.52
 10
236.033
 20
1029.46
 10
236.164
 20
1029.4
 10
236.292
 20
1029.32
 10
236.417
 20
1029.24
 10
236.537
 20
1029.16
 10
236.653
 20
1029.07
 10
236.765
 20
1028.97
 10
236.871
 20
1028.87
 10
236.973
 20
1028.76
 10
237.069
 20
1028.65
 10
237.16
 20
1028.54
 10
237.244
 20
1028.42
 10
237.323
 20
1028.29
 10
237.396
 20
1028.16
 10
237.462
 20
1028.03
 10
237.522
 20
1027.9
 10
237.575
 20
1027.76
 10
237.621
 20
1027.62
 10
237.66
 20
1027.48
 10
237.692
 20
1027.34
 10
237.718
 20
1027.19
 10
237.736
 20
1027.04
 10
237.746
 20
1026.9
 10
237.75
 20
1026.75
 10
237.746
 20
1026.6
 10
237.736
 20
1026.46
 10
237.718
 20
1026.31
 10
237.692
 20
1026.16
 10
237.66
 20
1026.02
 10
237.621
 20
1025.88
 10
237.575
 20
1025.74
 10
237.522
 20
1025.6
 10
237.462
 20
1025.47
 10
237.396
 20
1025.34
 10
237.323
 20
1025.21
 10
237.244
 20
1025.08
 10
237.16
 20
1024.96
 10
237.069
 20
1024.85
 10
236.973
 20
1024.74
 10
236.871
 20
1024.63
 10
236.765
 20
1024.53
 10
236.653
 20
1024.43
 10
236.537
 20
1024.34
 10
236.417
 20
1024.26
 10
236.292
 20
1024.18
 10
236.164
 20
1024.1
 10
236.033
 20
1024.04
 10
235.898
 20
1023.98
 10
235.761
 20
1023.93
 10
235.621
 20
1023.88
 10
235.479
 20
1023.84
 10
235.335
 20
1023.81
 10
235.19
 20
1023.78
 10
235.044
 20
1023.76
 10
234.897
 20
1023.75
 10
234.75
 20
1023.75
  0
LWPOLYLINE
100
AcDbEntity
  8
0
100
AcDbPolyline
 90
128
 70
1
 10
357.103
 20
1023.75
 10
356.956
 20
1023.76
 10
356.81
 20
1023.78
 10
356.665
 20
1023.81
 10
356.521
 20
1023.84
 10
356.379
 20
1023.88
 10
356.239
 20
1023.93
 10
356.102
 20
1023.98
 10
355.967
 20
1024.04
 10
355.836
 20
1024.1
 10
355.708
 20
1024.18
 10
355.583
 20
1024.26
 10
355.463
 20
1024.34
 10
355.347
 20
1024.43
 10
355.235
 20
1024.53
 10
355.129
 20
1024.63
 10
355.027
 20
1024.74
 10
354.931
 20
1024.85
 10
354.84
 20
1024.96
 10
354.756
 20
1025.08
 10
354.677
 20
1025.21
 10
354.604
 20
1025.34
 10
354.538
 20
1025.47
 10
354.478
 20
1025.6
 10
354.425
 20
1025.74
 10
354.379
 20
1025.88
 10
354.34
 20
1026.02
 10
354.308
 20
1026.16
 10
354.282
 20
1026.31
 10
354.264
 20
1026.46
 10
354.254
 20
1026.6
 10
354.25
 20
1026.75
 10
354.254
 20
1026.9
 10
354.264
 20
1027.04
 10
354.282
 20
1027.19
 10
354.308
 20
1027.34
 10
354.34
 20
1027.48
 10
354.379
 20
1027.62
 10
354.425
 20
1027.76
 10
354.478
 20
1027.9
 10
354.538
 20
1028.03
 10
354.604
 20
1028.16
 10
354.677
 20
1028.29
 10
354.756
 20
1028.42
 10
354.84
 20
1028.54
 10
354.931
 20
1028.65
 10
355.027
 20
1028.76
 10
355.129
 20
1028.87
 10
355.235
 20
1028.97
 10
355.347
 20
1029.07
 10
355.463
 20
1029.16
 10
355.583
 20
1029.24
 10
355.708
 20
1029.32
 10
355.836
 20
1029.4
 10
355.967
 20
1029.46
 10
356.102
 20
1029.52
 10
356.239
 20
1029.57
 10
356.379
 20
1029.62
 10
356.521
 20
1029.66
 10
356.665
 20
1029.69
 10
356.81
 20
1029.72
 10
356.956
 20
1029.74
 10
357.103
 20
1029.75
 10
357.25
 20
1029.75
 10
357.397
 20
1029.75
 10
357.544
 20
1029.74
 10
357.69
 20
1029.72
 10
357.835
 20
1029.69
 10
357.979
 20
1029.66
 10
358.121
 20
1029.62
 10
358.261
 20
1029.57
 10
358.398
 20
1029.52
 10
358.533
 20
1029.46
 10
358.664
 20
1029.4
 10
358.792
 20
1029.32
 10
358.917
 20
1029.24
 10
359.037
 20
1029.16
 10
359.153
 20
1029.07
 10
359.265
 20
1028.97
 10
359.371
 20
1028.87
 10
359.473
 20
1028.76
 10
359.569
 20
1028.65
 10
359.66
 20
1028.54
 10
359.744
 20
1028.42
 10
359.823
 20
1028.29
 10
359.896
 20
1028.16
 10
359.962
 20
1028.03
 10
360.022
 20
1027.9
 10
360.075
 20
1027.76
 10
360.121
 20
1027.62
 10
360.16
 20
1027.48
 10
360.192
 20
1027.34
 10
360.218
 20
1027.19
 10
360.236
 20
1027.04
 10
360.246
 20
1026.9
 10
360.25
 20
1026.75
 10
360.246
 20
1026.6
 10
360.236
 20
1026.46
 10
360.218
 20
1026.31
 10
360.192
 20
1026.16
 10
360.16
 20
1026.02
 10
360.121
 20
1025.88
 10
360.075
 20
1025.74
 10
360.022
 20
1025.6
 10
359.962
 20
1025.47
 10
359.896
 20
1025.34
 10
359.823
 20
1025.21
 10
359.744
 20
1025.08
 10
359.66
 20
1024.96
 10
359.569
 20
1024.85
 10
359.473
 20
1024.74
 10
359.371
 20
1024.63
 10
359.265
 20
1024.53
 10
359.153
 20
1024.43
 10
359.037
 20
1024.34
 10
358.917
 20
1024.26
 10
358.792
 20
1024.18
 10
358.664
 20
1024.1
 10
358.533
 20
1024.04
 10
358.398
 20
1023.98
 10
358.261
 20
1023.93
 10
358.121
 20
1023.88
 10
357.979
 20
1023.84
 10
357.835
 20
1023.81
 10
357.69
 20
1023.78
 10
357.544
 20
1023.76
 10
357.397
 20
1023.75
 10
357.25
 20
1023.75
  0
LWPOLYLINE
100
AcDbEntity
  8
0
100
AcDbPolyline
 90
4
 70
1
 10
225.5
 20
1007.38
 10
229.5
 20
1007.38
 10
229.5
 20
987.375
 10
225.5
 20
987.375
  0
LWPOLYLINE
100
AcDbEntity
  8
0
100
AcDbPolyline
 90
4
 70
1
 10
362.5
 20
1007.38
 10
366.5
 20
1007.38
 10
366.5
 20
987.375
 10
362.5
 20
987.375
  0
LWPOLYLINE
100
AcDbEntity
  8
0
100
AcDbPolyline
 90
4
 70
1
 10
225.5
 20
881.125
 10
229.5
 20
881.125
 10
229.5
 20
861.125
 10
225.5
 20
861.125
  0
LWPOLYLINE
100
AcDbEntity
  8
0
100
AcDbPolyline
 90
4
 70
1
 10
362.5
 20
881.125
 10
366.5
 20
881.125
 10
366.5
 20
861.125
 10
362.5
 20
861.125
  0
LWPOLYLINE
100
AcDbEntity
  8
0
100
AcDbPolyline
 90
4
 70
1
 10
225.5
 20
754.875
 10
229.5
 20
754.875
 10
229.5
 20
734.875
 10
225.5
 20
734.875
  0
LWPOLYLINE
100
AcDbEntity
  8
0
100
AcDbPolyline
 90
4
 70
1
 10
362.5
 20
754.875
 10
366.5
 20
754.875
 10
366.5
 20
734.875
 10
362.5
 20
734.875
  0
LWPOLYLINE
100
AcDbEntity
  8
0
100
AcDbPolyline
 90
128
 70
1
 10
270.89
 20
704.503
 10
270.779
 20
704.511
 10
270.67
 20
704.524
 10
270.561
 20
704.543
 10
270.453
 20
704.567
 10
270.347
 20
704.597
 10
270.242
 20
704.632
 10
270.139
 20
704.671
 10
270.038
 20
704.716
 10
269.939
 20
704.766
 10
269.843
 20
704.82
 10
269.75
 20
704.879
 10
269.66
 20
704.943
 10
269.573
 20
705.011
 10
269.489
 20
705.083
 10
269.409
 20
705.159
 10
269.333
 20
705.239
 10
269.261
 20
705.323
 10
269.193
 20
705.41
 10
269.129
 20
705.5
 10
269.07
 20
705.593
 10
269.016
 20
705.689
 10
268.966
 20
705.788
 10
268.921
 20
705.889
 10
268.882
 20
705.992
 10
268.847
 20
706.097
 10
268.817
 20
706.203
 10
268.793
 20
706.311
 10
268.774
 20
706.42
 10
268.761
 20
706.529
 10
268.753
 20
706.64
 10
268.75
 20
706.75
 10
268.753
 20
706.86
 10
268.761
 20
706.971
 10
268.774
 20
707.08
 10
268.793
 20
707.189
 10
268.817
 20
707.297
 10
268.847
 20
707.403
 10
268.882
 20
707.508
 10
268.921
 20
707.611
 10
268.966
 20
707.712
 10
269.016
 20
707.811
 10
269.07
 20
707.907
 10
269.129
 20
708
 10
269.193
 20
708.09
 10
269.261
 20
708.177
 10
269.333
 20
708.261
 10
269.409
 20
708.341
 10
269.489
 20
708.417
 10
269.573
 20
708.489
 10
269.66
 20
708.557
 10
269.75
 20
708.621
 10
269.843
 20
708.68
 10
269.939
 20
708.734
 10
270.038
 20
708.784
 10
270.139
 20
708.829
 10
270.242
 20
708.868
 10
270.347
 20
708.903
 10
270.453
 20
708.933
 10
270.561
 20
708.957
 10
270.67
 20
708.976
 10
270.779
 20
708.989
 10
270.89
 20
708.997
 10
271
 20
709
 10
271.11
 20
708.997
 10
271.221
 20
708.989
 10
271.33
 20
708.976
 10
271.439
 20
708.957
 10
271.547
 20
708.933
 10
271.653
 20
708.903
 10
271.758
 20
708.868
 10
271.861
 20
708.829
 10
271.962
 20
708.784
 10
272.061
 20
708.734
 10
272.157
 20
708.68
 10
272.25
 20
708.621
 10
272.34
 20
708.557
 10
272.427
 20
708.489
 10
272.511
 20
708.417
 10
272.591
 20
708.341
 10
272.667
 20
708.261
 10
272.739
 20
708.177
 10
272.807
 20
708.09
 10
272.871
 20
708
 10
272.93
 20
707.907
 10
272.984
 20
707.811
 10
273.034
 20
707.712
 10
273.079
 20
707.611
 10
273.118
 20
707.508
 10
273.153
 20
707.403
 10
273.183
 20
707.297
 10
273.207
 20
707.189
 10
273.226
 20
707.08
 10
273.239
 20
706.971
 10
273.247
 20
706.86
 10
273.25
 20
706.75
 10
273.247
 20
706.64
 10
273.239
 20
706.529
 10
273.226
 20
706.42
 10
273.207
 20
706.311
 10
273.183
 20
706.203
 10
273.153
 20
706.097
 10
273.118
 20
705.992
 10
273.079
 20
705.889
 10
273.034
 20
705.788
 10
272.984
 20
705.689
 10
272.93
 20
705.593
 10
272.871
 20
705.5
 10
272.807
 20
705.41
 10
272.739
 20
705.323
 10
272.667
 20
705.239
 10
272.591
 20
705.159
 10
272.511
 20
705.083
 10
272.427
 20
705.011
 10
272.34
 20
704.943
 10
272.25
 20
704.879
 10
272.157
 20
704.82
 10
272.061
 20
704.766
 10
271.962
 20
704.716
 10
271.861
 20
704.671
 10
271.758
 20
704.632
 10
271.653
 20
704.597
 10
271.547
 20
704.567
 10
271.439
 20
704.543
 10
271.33
 20
704.524
 10
271.221
 20
704.511
 10
271.11
 20
704.503
 10
271
 20
704.5
  0
LWPOLYLINE
100
AcDbEntity
  8
0
100
AcDbPolyline
 90
128
 70
1
 10
320.89
 20
704.503
 10
320.779
 20
704.511
 10
320.67
 20
704.524
 10
320.561
 20
704.543
 10
320.453
 20
704.567
 10
320.347
 20
704.597
 10
320.242
 20
704.632
 10
320.139
 20
704.671
 10
320.038
 20
704.716
 10
319.939
 20
704.766
 10
319.843
 20
704.82
 10
319.75
 20
704.879
 10
319.66
 20
704.943
 10
319.573
 20
705.011
 10
319.489
 20
705.083
 10
319.409
 20
705.159
 10
319.333
 20
705.239
 10
319.261
 20
705.323
 10
319.193
 20
705.41
 10
319.129
 20
705.5
 10
319.07
 20
705.593
 10
319.016
 20
705.689
 10
318.966
 20
705.788
 10
318.921
 20
705.889
 10
318.882
 20
705.992
 10
318.847
 20
706.097
 10
318.817
 20
706.203
 10
318.793
 20
706.311
 10
318.774
 20
706.42
 10
318.761
 20
706.529
 10
318.753
 20
706.64
 10
318.75
 20
706.75
 10
318.753
 20
706.86
 10
318.761
 20
706.971
 10
318.774
 20
707.08
 10
318.793
 20
707.189
 10
318.817
 20
707.297
 10
318.847
 20
707.403
 10
318.882
 20
707.508
 10
318.921
 20
707.611
 10
318.966
 20
707.712
 10
319.016
 20
707.811
 10
319.07
 20
707.907
 10
319.129
 20
708
 10
319.193
 20
708.09
 10
319.261
 20
708.177
 10
319.333
 20
708.261
 10
319.409
 20
708.341
 10
319.489
 20
708.417
 10
319.573
 20
708.489
 10
319.66
 20
708.557
 10
319.75
 20
708.621
 10
319.843
 20
708.68
 10
319.939
 20
708.734
 10
320.038
 20
708.784
 10
320.139
 20
708.829
 10
320.242
 20
708.868
 10
320.347
 20
708.903
 10
320.453
 20
708.933
 10
320.561
 20
708.957
 10
320.67
 20
708.976
 10
320.779
 20
708.989
 10
320.89
 20
708.997
 10
321
 20
709
 10
321.11
 20
708.997
 10
321.221
 20
708.989
 10
321.33
 20
708.976
 10
321.439
 20
708.957
 10
321.547
 20
708.933
 10
321.653
 20
708.903
 10
321.758
 20
708.868
 10
321.861
 20
708.829
 10
321.962
 20
708.784
 10
322.061
 20
708.734
 10
322.157
 20
708.68
 10
322.25
 20
708.621
 10
322.34
 20
708.557
 10
322.427
 20
708.489
 10
322.511
 20
708.417
 10
322.591
 20
708.341
 10
322.667
 20
708.261
 10
322.739
 20
708.177
 10
322.807
 20
708.09
 10
322.871
 20
708
 10
322.93
 20
707.907
 10
322.984
 20
707.811
 10
323.034
 20
707.712
 10
323.079
 20
707.611
 10
323.118
 20
707.508
 10
323.153
 20
707.403
 10
323.183
 20
707.297
 10
323.207
 20
707.189
 10
323.226
 20
707.08
 10
323.239
 20
706.971
 10
323.247
 20
706.86
 10
323.25
 20
706.75
 10
323.247
 20
706.64
 10
323.239
 20
706.529
 10
323.226
 20
706.42
 10
323.207
 20
706.311
 10
323.183
 20
706.203
 10
323.153
 20
706.097
 10
323.118
 20
705.992
 10
323.079
 20
705.889
 10
323.034
 20
705.788
 10
322.984
 20
705.689
 10
322.93
 20
705.593
 10
322.871
 20
705.5
 10
322.807
 20
705.41
 10
322.739
 20
705.323
 10
322.667
 20
705.239
 10
322.591
 20
705.159
 10
322.511
 20
705.083
 10
322.427
 20
705.011
 10
322.34
 20
704.943
 10
322.25
 20
704.879
 10
322.157
 20
704.82
 10
322.061
 20
704.766
 10
321.962
 20
704.716
 10
321.861
 20
704.671
 10
321.758
 20
704.632
 10
321.653
 20
704.597
 10
321.547
 20
704.567
 10
321.439
 20
704.543
 10
321.33
 20
704.524
 10
321.221
 20
704.511
 10
321.11
 20
704.503
 10
321
 20
704.5
  0
LWPOLYLINE
100
AcDbEntity
  8
0
100
AcDbPolyline
 90
4
 70
1
 10
276
 20
701.75
 10
316
 20
701.75
 10
316
 20
661.75
 10
276
 20
661.75
  0
LWPOLYLINE
100
AcDbEntity
  8
0
100
AcDbPolyline
 90
128
 70
1
 10
270.89
 20
654.503
 10
270.779
 20
654.511
 10
270.67
 20
654.524
 10
270.561
 20
654.543
 10
270.453
 20
654.567
 10
270.347
 20
654.597
 10
270.242
 20
654.632
 10
270.139
 20
654.671
 10
270.038
 20
654.716
 10
269.939
 20
654.766
 10
269.843
 20
654.82
 10
269.75
 20
654.879
 10
269.66
 20
654.943
 10
269.573
 20
655.011
 10
269.489
 20
655.083
 10
269.409
 20
655.159
 10
269.333
 20
655.239
 10
269.261
 20
655.323
 10
269.193
 20
655.41
 10
269.129
 20
655.5
 10
269.07
 20
655.593
 10
269.016
 20
655.689
 10
268.966
 20
655.788
 10
268.921
 20
655.889
 10
268.882
 20
655.992
 10
268.847
 20
656.097
 10
268.817
 20
656.203
 10
268.793
 20
656.311
 10
268.774
 20
656.42
 10
268.761
 20
656.529
 10
268.753
 20
656.64
 10
268.75
 20
656.75
 10
268.753
 20
656.86
 10
268.761
 20
656.971
 10
268.774
 20
657.08
 10
268.793
 20
657.189
 10
268.817
 20
657.297
 10
268.847
 20
657.403
 10
268.882
 20
657.508
 10
268.921
 20
657.611
 10
268.966
 20
657.712
 10
269.016
 20
657.811
 10
269.07
 20
657.907
 10
269.129
 20
658
 10
269.193
 20
658.09
 10
269.261
 20
658.177
 10
269.333
 20
658.261
 10
269.409
 20
658.341
 10
269.489
 20
658.417
 10
269.573
 20
658.489
 10
269.66
 20
658.557
 10
269.75
 20
658.621
 10
269.843
 20
658.68
 10
269.939
 20
658.734
 10
270.038
 20
658.784
 10
270.139
 20
658.829
 10
270.242
 20
658.868
 10
270.347
 20
658.903
 10
270.453
 20
658.933
 10
270.561
 20
658.957
 10
270.67
 20
658.976
 10
270.779
 20
658.989
 10
270.89
 20
658.997
 10
271
 20
659
 10
271.11
 20
658.997
 10
271.221
 20
658.989
 10
271.33
 20
658.976
 10
271.439
 20
658.957
 10
271.547
 20
658.933
 10
271.653
 20
658.903
 10
271.758
 20
658.868
 10
271.861
 20
658.829
 10
271.962
 20
658.784
 10
272.061
 20
658.734
 10
272.157
 20
658.68
 10
272.25
 20
658.621
 10
272.34
 20
658.557
 10
272.427
 20
658.489
 10
272.511
 20
658.417
 10
272.591
 20
658.341
 10
272.667
 20
658.261
 10
272.739
 20
658.177
 10
272.807
 20
658.09
 10
272.871
 20
658
 10
272.93
 20
657.907
 10
272.984
 20
657.811
 10
273.034
 20
657.712
 10
273.079
 20
657.611
 10
273.118
 20
657.508
 10
273.153
 20
657.403
 10
273.183
 20
657.297
 10
273.207
 20
657.189
 10
273.226
 20
657.08
 10
273.239
 20
656.971
 10
273.247
 20
656.86
 10
273.25
 20
656.75
 10
273.247
 20
656.64
 10
273.239
 20
656.529
 10
273.226
 20
656.42
 10
273.207
 20
656.311
 10
273.183
 20
656.203
 10
273.153
 20
656.097
 10
273.118
 20
655.992
 10
273.079
 20
655.889
 10
273.034
 20
655.788
 10
272.984
 20
655.689
 10
272.93
 20
655.593
 10
272.871
 20
655.5
 10
272.807
 20
655.41
 10
272.739
 20
655.323
 10
272.667
 20
655.239
 10
272.591
 20
655.159
 10
272.511
 20
655.083
 10
272.427
 20
655.011
 10
272.34
 20
654.943
 10
272.25
 20
654.879
 10
272.157
 20
654.82
 10
272.061
 20
654.766
 10
271.962
 20
654.716
 10
271.861
 20
654.671
 10
271.758
 20
654.632
 10
271.653
 20
654.597
 10
271.547
 20
654.567
 10
271.439
 20
654.543
 10
271.33
 20
654.524
 10
271.221
 20
654.511
 10
271.11
 20
654.503
 10
271
 20
654.5
  0
LWPOLYLINE
100
AcDbEntity
  8
0
100
AcDbPolyline
 90
128
 70
1
 10
320.89
 20
654.503
 10
320.779
 20
654.511
 10
320.67
 20
654.524
 10
320.561
 20
654.543
 10
320.453
 20
654.567
 10
320.347
 20
654.597
 10
320.242
 20
654.632
 10
320.139
 20
654.671
 10
320.038
 20
654.716
 10
319.939
 20
654.766
 10
319.843
 20
654.82
 10
319.75
 20
654.879
 10
319.66
 20
654.943
 10
319.573
 20
655.011
 10
319.489
 20
655.083
 10
319.409
 20
655.159
 10
319.333
 20
655.239
 10
319.261
 20
655.323
 10
319.193
 20
655.41
 10
319.129
 20
655.5
 10
319.07
 20
655.593
 10
319.016
 20
655.689
 10
318.966
 20
655.788
 10
318.921
 20
655.889
 10
318.882
 20
655.992
 10
318.847
 20
656.097
 10
318.817
 20
656.203
 10
318.793
 20
656.311
 10
318.774
 20
656.42
 10
318.761
 20
656.529
 10
318.753
 20
656.64
 10
318.75
 20
656.75
 10
318.753
 20
656.86
 10
318.761
 20
656.971
 10
318.774
 20
657.08
 10
318.793
 20
657.189
 10
318.817
 20
657.297
 10
318.847
 20
657.403
 10
318.882
 20
657.508
 10
318.921
 20
657.611
 10
318.966
 20
657.712
 10
319.016
 20
657.811
 10
319.07
 20
657.907
 10
319.129
 20
658
 10
319.193
 20
658.09
 10
319.261
 20
658.177
 10
319.333
 20
658.261
 10
319.409
 20
658.341
 10
319.489
 20
658.417
 10
319.573
 20
658.489
 10
319.66
 20
658.557
 10
319.75
 20
658.621
 10
319.843
 20
658.68
 10
319.939
 20
658.734
 10
320.038
 20
658.784
 10
320.139
 20
658.829
 10
320.242
 20
658.868
 10
320.347
 20
658.903
 10
320.453
 20
658.933
 10
320.561
 20
658.957
 10
320.67
 20
658.976
 10
320.779
 20
658.989
 10
320.89
 20
658.997
 10
321
 20
659
 10
321.11
 20
658.997
 10
321.221
 20
658.989
 10
321.33
 20
658.976
 10
321.439
 20
658.957
 10
321.547
 20
658.933
 10
321.653
 20
658.903
 10
321.758
 20
658.868
 10
321.861
 20
658.829
 10
321.962
 20
658.784
 10
322.061
 20
658.734
 10
322.157
 20
658.68
 10
322.25
 20
658.621
 10
322.34
 20
658.557
 10
322.427
 20
658.489
 10
322.511
 20
658.417
 10
322.591
 20
658.341
 10
322.667
 20
658.261
 10
322.739
 20
658.177
 10
322.807
 20
658.09
 10
322.871
 20
658
 10
322.93
 20
657.907
 10
322.984
 20
657.811
 10
323.034
 20
657.712
 10
323.079
 20
657.611
 10
323.118
 20
657.508
 10
323.153
 20
657.403
 10
323.183
 20
657.297
 10
323.207
 20
657.189
 10
323.226
 20
657.08
 10
323.239
 20
656.971
 10
323.247
 20
656.86
 10
323.25
 20
656.75
 10
323.247
 20
656.64
 10
323.239
 20
656.529
 10
323.226
 20
656.42
 10
323.207
 20
656.311
 10
323.183
 20
656.203
 10
323.153
 20
656.097
 10
323.118
 20
655.992
 10
323.079
 20
655.889
 10
323.034
 20
655.788
 10
322.984
 20
655.689
 10
322.93
 20
655.593
 10
322.871
 20
655.5
 10
322.807
 20
655.41
 10
322.739
 20
655.323
 10
322.667
 20
655.239
 10
322.591
 20
655.159
 10
322.511
 20
655.083
 10
322.427
 20
655.011
 10
322.34
 20
654.943
 10
322.25
 20
654.879
 10
322.157
 20
654.82
 10
322.061
 20
654.766
 10
321.962
 20
654.716
 10
321.861
 20
654.671
 10
321.758
 20
654.632
 10
321.653
 20
654.597
 10
321.547
 20
654.567
 10
321.439
 20
654.543
 10
321.33
 20
654.524
 10
321.221
 20
654.511
 10
321.11
 20
654.503
 10
321
 20
654.5
  0
LWPOLYLINE
100
AcDbEntity
  8
0
100
AcDbPolyline
 90
4
 70
1
 10
225.5
 20
628.625
 10
229.5
 20
628.625
 10
229.5
 20
608.625
 10
225.5
 20
608.625
  0
LWPOLYLINE
100
AcDbEntity
  8
0
100
AcDbPolyline
 90
4
 70
1
 10
362.5
 20
628.625
 10
366.5
 20
628.625
 10
366.5
 20
608.625
 10
362.5
 20
608.625
  0
LWPOLYLINE
100
AcDbEntity
  8
0
100
AcDbPolyline
 90
128
 70
1
 10
234.603
 20
586.254
 10
234.456
 20
586.264
 10
234.31
 20
586.282
 10
234.165
 20
586.308
 10
234.021
 20
586.34
 10
233.879
 20
586.379
 10
233.739
 20
586.425
 10
233.602
 20
586.478
 10
233.467
 20
586.538
 10
233.336
 20
586.604
 10
233.208
 20
586.677
 10
233.083
 20
586.756
 10
232.963
 20
586.84
 10
232.847
 20
586.931
 10
232.735
 20
587.027
 10
232.629
 20
587.129
 10
232.527
 20
587.235
 10
232.431
 20
587.347
 10
232.34
 20
587.463
 10
232.256
 20
587.583
 10
232.177
 20
587.708
 10
232.104
 20
587.836
 10
232.038
 20
587.967
 10
231.978
 20
588.102
 10
231.925
 20
588.239
 10
231.879
 20
588.379
 10
231.84
 20
588.521
 10
231.808
 20
588.665
 10
231.782
 20
588.81
 10
231.764
 20
588.956
 10
231.754
 20
589.103
 10
231.75
 20
589.25
 10
231.754
 20
589.397
 10
231.764
 20
589.544
 10
231.782
 20
589.69
 10
231.808
 20
589.835
 10
231.84
 20
589.979
 10
231.879
 20
590.121
 10
231.925
 20
590.261
 10
231.978
 20
590.398
 10
232.038
 20
590.533
 10
232.104
 20
590.664
 10
232.177
 20
590.792
 10
232.256
 20
590.917
 10
232.34
 20
591.037
 10
232.431
 20
591.153
 10
232.527
 20
591.265
 10
232.629
 20
591.371
 10
232.735
 20
591.473
 10
232.847
 20
591.569
 10
232.963
 20
591.66
 10
233.083
 20
591.744
 10
233.208
 20
591.823
 10
233.336
 20
591.896
 10
233.467
 20
591.962
 10
233.602
 20
592.022
 10
233.739
 20
592.075
 10
233.879
 20
592.121
 10
234.021
 20
592.16
 10
234.165
 20
592.192
 10
234.31
 20
592.218
 10
234.456
 20
592.236
 10
234.603
 20
592.246
 10
234.75
 20
592.25
 10
234.897
 20
592.246
 10
235.044
 20
592.236
 10
235.19
 20
592.218
 10
235.335
 20
592.192
 10
235.479
 20
592.16
 10
235.621
 20
592.121
 10
235.761
 20
592.075
 10
235.898
 20
592.022
 10
236.033
 20
591.962
 10
236.164
 20
591.896
 10
236.292
 20
591.823
 10
236.417
 20
591.744
 10
236.537
 20
591.66
 10
236.653
 20
591.569
 10
236.765
 20
591.473
 10
236.871
 20
591.371
 10
236.973
 20
591.265
 10
237.069
 20
591.153
 10
237.16
 20
591.037
 10
237.244
 20
590.917
 10
237.323
 20
590.792
 10
237.396
 20
590.664
 10
237.462
 20
590.533
 10
237.522
 20
590.398
 10
237.575
 20
590.261
 10
237.621
 20
590.121
 10
237.66
 20
589.979
 10
237.692
 20
589.835
 10
237.718
 20
589.69
 10
237.736
 20
589.544
 10
237.746
 20
589.397
 10
237.75
 20
589.25
 10
237.746
 20
589.103
 10
237.736
 20
588.956
 10
237.718
 20
588.81
 10
237.692
 20
588.665
 10
237.66
 20
588.521
 10
237.621
 20
588.379
 10
237.575
 20
588.239
 10
237.522
 20
588.102
 10
237.462
 20
587.967
 10
237.396
 20
587.836
 10
237.323
 20
587.708
 10
237.244
 20
587.583
 10
237.16
 20
587.463
 10
237.069
 20
587.347
 10
236.973
 20
587.235
 10
236.871
 20
587.129
 10
236.765
 20
587.027
 10
236.653
 20
586.931
 10
236.537
 20
586.84
 10
236.417
 20
586.756
 10
236.292
 20
586.677
 10
236.164
 20
586.604
 10
236.033
 20
586.538
 10
235.898
 20
586.478
 10
235.761
 20
586.425
 10
235.621
 20
586.379
 10
235.479
 20
586.34
 10
235.335
 20
586.308
 10
235.19
 20
586.282
 10
235.044
 20
586.264
 10
234.897
 20
586.254
 10
234.75
 20
586.25
  0
LWPOLYLINE
100
AcDbEntity
  8
0
100
AcDbPolyline
 90
128
 70
1
 10
357.103
 20
586.254
 10
356.956
 20
586.264
 10
356.81
 20
586.282
 10
356.665
 20
586.308
 10
356.521
 20
586.34
 10
356.379
 20
586.379
 10
356.239
 20
586.425
 10
356.102
 20
586.478
 10
355.967
 20
586.538
 10
355.836
 20
586.604
 10
355.708
 20
586.677
 10
355.583
 20
586.756
 10
355.463
 20
586.84
 10
355.347
 20
586.931
 10
355.235
 20
587.027
 10
355.129
 20
587.129
 10
355.027
 20
587.235
 10
354.931
 20
587.347
 10
354.84
 20
587.463
 10
354.756
 20
587.583
 10
354.677
 20
587.708
 10
354.604
 20
587.836
 10
354.538
 20
587.967
 10
354.478
 20
588.102
 10
354.425
 20
588.239
 10
354.379
 20
588.379
 10
354.34
 20
588.521
 10
354.308
 20
588.665
 10
354.282
 20
588.81
 10
354.264
 20
588.956
 10
354.254
 20
589.103
 10
354.25
 20
589.25
 10
354.254
 20
589.397
 10
354.264
 20
589.544
 10
354.282
 20
589.69
 10
354.308
 20
589.835
 10
354.34
 20
589.979
 10
354.379
 20
590.121
 10
354.425
 20
590.261
 10
354.478
 20
590.398
 10
354.538
 20
590.533
 10
354.604
 20
590.664
 10
354.677
 20
590.792
 10
354.756
 20
590.917
 10
354.84
 20
591.037
 10
354.931
 20
591.153
 10
355.027
 20
591.265
 10
355.129
 20
591.371
 10
355.235
 20
591.473
 10
355.347
 20
591.569
 10
355.463
 20
591.66
 10
355.583
 20
591.744
 10
355.708
 20
591.823
 10
355.836
 20
591.896
 10
355.967
 20
591.962
 10
356.102
 20
592.022
 10
356.239
 20
592.075
 10
356.379
 20
592.121
 10
356.521
 20
592.16
 10
356.665
 20
592.192
 10
356.81
 20
592.218
 10
356.956
 20
592.236
 10
357.103
 20
592.246
 10
357.25
 20
592.25
 10
357.397
 20
592.246
 10
357.544
 20
592.236
 10
357.69
 20
592.218
 10
357.835
 20
592.192
 10
357.979
 20
592.16
 10
358.121
 20
592.121
 10
358.261
 20
592.075
 10
358.398
 20
592.022
 10
358.533
 20
591.962
 10
358.664
 20
591.896
 10
358.792
 20
591.823
 10
358.917
 20
591.744
 10
359.037
 20
591.66
 10
359.153
 20
591.569
 10
359.265
 20
591.473
 10
359.371
 20
591.371
 10
359.473
 20
591.265
 10
359.569
 20
591.153
 10
359.66
 20
591.037
 10
359.744
 20
590.917
 10
359.823
 20
590.792
 10
359.896
 20
590.664
 10
359.962
 20
590.533
 10
360.022
 20
590.398
 10
360.075
 20
590.261
 10
360.121
 20
590.121
 10
360.16
 20
589.979
 10
360.192
 20
589.835
 10
360.218
 20
589.69
 10
360.236
 20
589.544
 10
360.246
 20
589.397
 10
360.25
 20
589.25
 10
360.246
 20
589.103
 10
360.236
 20
588.956
 10
360.218
 20
588.81
 10
360.192
 20
588.665
 10
360.16
 20
588.521
 10
360.121
 20
588.379
 10
360.075
 20
588.239
 10
360.022
 20
588.102
 10
359.962
 20
587.967
 10
359.896
 20
587.836
 10
359.823
 20
587.708
 10
359.744
 20
587.583
 10
359.66
 20
587.463
 10
359.569
 20
587.347
 10
359.473
 20
587.235
 10
359.371
 20
587.129
 10
359.265
 20
587.027
 10
359.153
 20
586.931
 10
359.037
 20
586.84
 10
358.917
 20
586.756
 10
358.792
 20
586.677
 10
358.664
 20
586.604
 10
358.533
 20
586.538
 10
358.398
 20
586.478
 10
358.261
 20
586.425
 10
358.121
 20
586.379
 10
357.979
 20
586.34
 10
357.835
 20
586.308
 10
357.69
 20
586.282
 10
357.544
 20
586.264
 10
357.397
 20
586.254
 10
357.25
 20
586.25
  0
LWPOLYLINE
100
AcDbEntity
  8
0
100
AcDbPolyline
 90
128
 70
1
 10
234.603
 20
564.254
 10
234.456
 20
564.264
 10
234.31
 20
564.282
 10
234.165
 20
564.308
 10
234.021
 20
564.34
 10
233.879
 20
564.379
 10
233.739
 20
564.425
 10
233.602
 20
564.478
 10
233.467
 20
564.538
 10
233.336
 20
564.604
 10
233.208
 20
564.677
 10
233.083
 20
564.756
 10
232.963
 20
564.84
 10
232.847
 20
564.931
 10
232.735
 20
565.027
 10
232.629
 20
565.129
 10
232.527
 20
565.235
 10
232.431
 20
565.347
 10
232.34
 20
565.463
 10
232.256
 20
565.583
 10
232.177
 20
565.708
 10
232.104
 20
565.836
 10
232.038
 20
565.967
 10
231.978
 20
566.102
 10
231.925
 20
566.239
 10
231.879
 20
566.379
 10
231.84
 20
566.521
 10
231.808
 20
566.665
 10
231.782
 20
566.81
 10
231.764
 20
566.956
 10
231.754
 20
567.103
 10
231.75
 20
567.25
 10
231.754
 20
567.397
 10
231.764
 20
567.544
 10
231.782
 20
567.69
 10
231.808
 20
567.835
 10
231.84
 20
567.979
 10
231.879
 20
568.121
 10
231.925
 20
568.261
 10
231.978
 20
568.398
 10
232.038
 20
568.533
 10
232.104
 20
568.664
 10
232.177
 20
568.792
 10
232.256
 20
568.917
 10
232.34
 20
569.037
 10
232.431
 20
569.153
 10
232.527
 20
569.265
 10
232.629
 20
569.371
 10
232.735
 20
569.473
 10
232.847
 20
569.569
 10
232.963
 20
569.66
 10
233.083
 20
569.744
 10
233.208
 20
569.823
 10
233.336
 20
569.896
 10
233.467
 20
569.962
 10
233.602
 20
570.022
 10
233.739
 20
570.075
 10
233.879
 20
570.121
 10
234.021
 20
570.16
 10
234.165
 20
570.192
 10
234.31
 20
570.218
 10
234.456
 20
570.236
 10
234.603
 20
570.246
 10
234.75
 20
570.25
 10
234.897
 20
570.246
 10
235.044
 20
570.236
 10
235.19
 20
570.218
 10
235.335
 20
570.192
 10
235.479
 20
570.16
 10
235.621
 20
570.121
 10
235.761
 20
570.075
 10
235.898
 20
570.022
 10
236.033
 20
569.962
 10
236.164
 20
569.896
 10
236.292
 20
569.823
 10
236.417
 20
569.744
 10
236.537
 20
569.66
 10
236.653
 20
569.569
 10
236.765
 20
569.473
 10
236.871
 20
569.371
 10
236.973
 20
569.265
 10
237.069
 20
569.153
 10
237.16
 20
569.037
 10
237.244
 20
568.917
 10
237.323
 20
568.792
 10
237.396
 20
568.664
 10
237.462
 20
568.533
 10
237.522
 20
568.398
 10
237.575
 20
568.261
 10
237.621
 20
568.121
 10
237.66
 20
567.979
 10
237.692
 20
567.835
 10
237.718
 20
567.69
 10
237.736
 20
567.544
 10
237.746
 20
567.397
 10
237.75
 20
567.25
 10
237.746
 20
567.103
 10
237.736
 20
566.956
 10
237.718
 20
566.81
 10
237.692
 20
566.665
 10
237.66
 20
566.521
 10
237.621
 20
566.379
 10
237.575
 20
566.239
 10
237.522
 20
566.102
 10
237.462
 20
565.967
 10
237.396
 20
565.836
 10
237.323
 20
565.708
 10
237.244
 20
565.583
 10
237.16
 20
565.463
 10
237.069
 20
565.347
 10
236.973
 20
565.235
 10
236.871
 20
565.129
 10
236.765
 20
565.027
 10
236.653
 20
564.931
 10
236.537
 20
564.84
 10
236.417
 20
564.756
 10
236.292
 20
564.677
 10
236.164
 20
564.604
 10
236.033
 20
564.538
 10
235.898
 20
564.478
 10
235.761
 20
564.425
 10
235.621
 20
564.379
 10
235.479
 20
564.34
 10
235.335
 20
564.308
 10
235.19
 20
564.282
 10
235.044
 20
564.264
 10
234.897
 20
564.254
 10
234.75
 20
564.25
  0
LWPOLYLINE
100
AcDbEntity
  8
0
100
AcDbPolyline
 90
128
 70
1
 10
357.103
 20
564.254
 10
356.956
 20
564.264
 10
356.81
 20
564.282
 10
356.665
 20
564.308
 10
356.521
 20
564.34
 10
356.379
 20
564.379
 10
356.239
 20
564.425
 10
356.102
 20
564.478
 10
355.967
 20
564.538
 10
355.836
 20
564.604
 10
355.708
 20
564.677
 10
355.583
 20
564.756
 10
355.463
 20
564.84
 10
355.347
 20
564.931
 10
355.235
 20
565.027
 10
355.129
 20
565.129
 10
355.027
 20
565.235
 10
354.931
 20
565.347
 10
354.84
 20
565.463
 10
354.756
 20
565.583
 10
354.677
 20
565.708
 10
354.604
 20
565.836
 10
354.538
 20
565.967
 10
354.478
 20
566.102
 10
354.425
 20
566.239
 10
354.379
 20
566.379
 10
354.34
 20
566.521
 10
354.308
 20
566.665
 10
354.282
 20
566.81
 10
354.264
 20
566.956
 10
354.254
 20
567.103
 10
354.25
 20
567.25
 10
354.254
 20
567.397
 10
354.264
 20
567.544
 10
354.282
 20
567.69
 10
354.308
 20
567.835
 10
354.34
 20
567.979
 10
354.379
 20
568.121
 10
354.425
 20
568.261
 10
354.478
 20
568.398
 10
354.538
 20
568.533
 10
354.604
 20
568.664
 10
354.677
 20
568.792
 10
354.756
 20
568.917
 10
354.84
 20
569.037
 10
354.931
 20
569.153
 10
355.027
 20
569.265
 10
355.129
 20
569.371
 10
355.235
 20
569.473
 10
355.347
 20
569.569
 10
355.463
 20
569.66
 10
355.583
 20
569.744
 10
355.708
 20
569.823
 10
355.836
 20
569.896
 10
355.967
 20
569.962
 10
356.102
 20
570.022
 10
356.239
 20
570.075
 10
356.379
 20
570.121
 10
356.521
 20
570.16
 10
356.665
 20
570.192
 10
356.81
 20
570.218
 10
356.956
 20
570.236
 10
357.103
 20
570.246
 10
357.25
 20
570.25
 10
357.397
 20
570.246
 10
357.544
 20
570.236
 10
357.69
 20
570.218
 10
357.835
 20
570.192
 10
357.979
 20
570.16
 10
358.121
 20
570.121
 10
358.261
 20
570.075
 10
358.398
 20
570.022
 10
358.533
 20
569.962
 10
358.664
 20
569.896
 10
358.792
 20
569.823
 10
358.917
 20
569.744
 10
359.037
 20
569.66
 10
359.153
 20
569.569
 10
359.265
 20
569.473
 10
359.371
 20
569.371
 10
359.473
 20
569.265
 10
359.569
 20
569.153
 10
359.66
 20
569.037
 10
359.744
 20
568.917
 10
359.823
 20
568.792
 10
359.896
 20
568.664
 10
359.962
 20
568.533
 10
360.022
 20
568.398
 10
360.075
 20
568.261
 10
360.121
 20
568.121
 10
360.16
 20
567.979
 10
360.192
 20
567.835
 10
360.218
 20
567.69
 10
360.236
 20
567.544
 10
360.246
 20
567.397
 10
360.25
 20
567.25
 10
360.246
 20
567.103
 10
360.236
 20
566.956
 10
360.218
 20
566.81
 10
360.192
 20
566.665
 10
360.16
 20
566.521
 10
360.121
 20
566.379
 10
360.075
 20
566.239
 10
360.022
 20
566.102
 10
359.962
 20
565.967
 10
359.896
 20
565.836
 10
359.823
 20
565.708
 10
359.744
 20
565.583
 10
359.66
 20
565.463
 10
359.569
 20
565.347
 10
359.473
 20
565.235
 10
359.371
 20
565.129
 10
359.265
 20
565.027
 10
359.153
 20
564.931
 10
359.037
 20
564.84
 10
358.917
 20
564.756
 10
358.792
 20
564.677
 10
358.664
 20
564.604
 10
358.533
 20
564.538
 10
358.398
 20
564.478
 10
358.261
 20
564.425
 10
358.121
 20
564.379
 10
357.979
 20
564.34
 10
357.835
 20
564.308
 10
357.69
 20
564.282
 10
357.544
 20
564.264
 10
357.397
 20
564.254
 10
357.25
 20
564.25
  0
LWPOLYLINE
100
AcDbEntity
  8
0
100
AcDbPolyline
 90
56
 70
1
 10
480.125
 20
606
 10
586.375
 20
606
 10
586.375
 20
602
 10
606.375
 20
602
 10
606.375
 20
606
 10
712.625
 20
606
 10
712.625
 20
602
 10
732.625
 20
602
 10
732.625
 20
606
 10
838.875
 20
606
 10
838.875
 20
602
 10
858.875
 20
602
 10
858.875
 20
606
 10
912
 20
606
 10
912
 20
659.125
 10
916
 20
659.125
 10
916
 20
679.125
 10
912
 20
679.125
 10
912
 20
785.375
 10
916
 20
785.375
 10
916
 20
805.375
 10
912
 20
805.375
 10
912
 20
858.5
 10
903.25
 20
858.5
 10
903.25
 20
851.5
 10
907
 20
851.5
 10
907
 20
844.5
 10
892
 20
844.5
 10
892
 20
851.5
 10
895.75
 20
851.5
 10
895.75
 20
858.5
 10
887
 20
858.5
 10
887
 20
631
 10
432
 20
631
 10
432
 20
858.5
 10
423.25
 20
858.5
 10
423.25
 20
865.5
 10
427
 20
865.5
 10
427
 20
872.5
 10
412
 20
872.5
 10
412
 20
865.5
 10
415.75
 20
865.5
 10
415.75
 20
858.5
 10
407
 20
858.5
 10
407
 20
805.375
 10
403
 20
805.375
 10
403
 20
785.375
 10
407
 20
785.375
 10
407
 20
679.125
 10
403
 20
679.125
 10
403
 20
659.125
 10
407
 20
659.125
 10
407
 20
606
 10
460.125
 20
606
 10
460.125
 20
602
 10
480.125
 20
602
  0
LWPOLYLINE
100
AcDbEntity
  8
0
100
AcDbPolyline
 90
56
 70
1
 10
480.125
 20
303
 10
586.375
 20
303
 10
586.375
 20
299
 10
606.375
 20
299
 10
606.375
 20
303
 10
712.625
 20
303
 10
712.625
 20
299
 10
732.625
 20
299
 10
732.625
 20
303
 10
838.875
 20
303
 10
838.875
 20
299
 10
858.875
 20
299
 10
858.875
 20
303
 10
912
 20
303
 10
912
 20
356.125
 10
916
 20
356.125
 10
916
 20
376.125
 10
912
 20
376.125
 10
912
 20
482.375
 10
916
 20
482.375
 10
916
 20
502.375
 10
912
 20
502.375
 10
912
 20
555.5
 10
903.25
 20
555.5
 10
903.25
 20
548.5
 10
907
 20
548.5
 10
907
 20
541.5
 10
892
 20
541.5
 10
892
 20
548.5
 10
895.75
 20
548.5
 10
895.75
 20
555.5
 10
887
 20
555.5
 10
887
 20
328
 10
432
 20
328
 10
432
 20
555.5
 10
423.25
 20
555.5
 10
423.25
 20
562.5
 10
427
 20
562.5
 10
427
 20
569.5
 10
412
 20
569.5
 10
412
 20
562.5
 10
415.75
 20
562.5
 10
415.75
 20
555.5
 10
407
 20
555.5
 10
407
 20
502.375
 10
403
 20
502.375
 10
403
 20
482.375
 10
407
 20
482.375
 10
407
 20
376.125
 10
403
 20
376.125
 10
403
 20
356.125
 10
407
 20
356.125
 10
407
 20
303
 10
460.125
 20
303
 10
460.125
 20
299
 10
480.125
 20
299
  0
LWPOLYLINE
100
AcDbEntity
  8
0
100
AcDbPolyline
 90
16
 70
1
 10
46.25
 20
0
 10
92.5
 20
0
 10
92.5
 20
-4
 10
138.75
 20
-4
 10
138.75
 20
0
 10
185
 20
0
 10
185
 20
505
 10
138.75
 20
505
 10
138.75
 20
509
 10
92.5
 20
509
 10
92.5
 20
505
 10
46.25
 20
505
 10
46.25
 20
509
 10
0
 20
509
 10
0
 20
-4
 10
46.25
 20
-4
  0
LWPOLYLINE
100
AcDbEntity
  8
0
100
AcDbPolyline
 90
128
 70
1
 10
31.1028
 20
490.254
 10
30.9559
 20
490.264
 10
30.8098
 20
490.282
 10
30.6647
 20
490.308
 10
30.5211
 20
490.34
 10
30.3791
 20
490.379
 10
30.2393
 20
490.425
 10
30.1019
 20
490.478
 10
29.9673
 20
490.538
 10
29.8358
 20
490.604
 10
29.7077
 20
490.677
 10
29.5833
 20
490.756
 10
29.4629
 20
490.84
 10
29.3468
 20
490.931
 10
29.2353
 20
491.027
 10
29.1287
 20
491.129
 10
29.0271
 20
491.235
 10
28.931
 20
491.347
 10
28.8404
 20
491.463
 10
28.7556
 20
491.583
 10
28.6768
 20
491.708
 10
28.6042
 20
491.836
 10
28.538
 20
491.967
 10
28.4784
 20
492.102
 10
28.4254
 20
492.239
 10
28.3792
 20
492.379
 10
28.3399
 20
492.521
 10
28.3076
 20
492.665
 10
28.2825
 20
492.81
 10
28.2644
 20
492.956
 10
28.2536
 20
493.103
 10
28.25
 20
493.25
 10
28.2536
 20
493.397
 10
28.2644
 20
493.544
 10
28.2825
 20
493.69
 10
28.3076
 20
493.835
 10
28.3399
 20
493.979
 10
28.3792
 20
494.121
 10
28.4254
 20
494.261
 10
28.4784
 20
494.398
 10
28.538
 20
494.533
 10
28.6042
 20
494.664
 10
28.6768
 20
494.792
 10
28.7556
 20
494.917
 10
28.8404
 20
495.037
 10
28.931
 20
495.153
 10
29.0271
 20
495.265
 10
29.1287
 20
495.371
 10
29.2353
 20
495.473
 10
29.3468
 20
495.569
 10
29.4629
 20
495.66
 10
29.5833
 20
495.744
 10
29.7077
 20
495.823
 10
29.8358
 20
495.896
 10
29.9673
 20
495.962
 10
30.1019
 20
496.022
 10
30.2393
 20
496.075
 10
30.3791
 20
496.121
 10
30.5211
 20
496.16
 10
30.6647
 20
496.192
 10
30.8098
 20
496.218
 10
30.9559
 20
496.236
 10
31.1028
 20
496.246
 10
31.25
 20
496.25
 10
31.3972
 20
496.246
 10
31.5441
 20
496.236
 10
31.6902
 20
496.218
 10
31.8353
 20
496.192
 10
31.9789
 20
496.16
 10
32.1209
 20
496.121
 10
32.2607
 20
496.075
 10
32.3981
 20
496.022
 10
32.5327
 20
495.962
 10
32.6642
 20
495.896
 10
32.7923
 20
495.823
 10
32.9167
 20
495.744
 10
33.0371
 20
495.66
 10
33.1532
 20
495.569
 10
33.2647
 20
495.473
 10
33.3713
 20
495.371
 10
33.4729
 20
495.265
 10
33.569
 20
495.153
 10
33.6596
 20
495.037
 10
33.7444
 20
494.917
 10
33.8232
 20
494.792
 10
33.8958
 20
494.664
 10
33.962
 20
494.533
 10
34.0216
 20
494.398
 10
34.0746
 20
494.261
 10
34.1208
 20
494.121
 10
34.1601
 20
493.979
 10
34.1924
 20
493.835
 10
34.2175
 20
493.69
 10
34.2356
 20
493.544
 10
34.2464
 20
493.397
 10
34.25
 20
493.25
 10
34.2464
 20
493.103
 10
34.2356
 20
492.956
 10
34.2175
 20
492.81
 10
34.1924
 20
492.665
 10
34.1601
 20
492.521
 10
34.1208
 20
492.379
 10
34.0746
 20
492.239
 10
34.0216
 20
492.102
 10
33.962
 20
491.967
 10
33.8958
 20
491.836
 10
33.8232
 20
491.708
 10
33.7444
 20
491.583
 10
33.6596
 20
491.463
 10
33.569
 20
491.347
 10
33.4729
 20
491.235
 10
33.3713
 20
491.129
 10
33.2647
 20
491.027
 10
33.1532
 20
490.931
 10
33.0371
 20
490.84
 10
32.9167
 20
490.756
 10
32.7923
 20
490.677
 10
32.6642
 20
490.604
 10
32.5327
 20
490.538
 10
32.3981
 20
490.478
 10
32.2607
 20
490.425
 10
32.1209
 20
490.379
 10
31.9789
 20
490.34
 10
31.8353
 20
490.308
 10
31.6902
 20
490.282
 10
31.5441
 20
490.264
 10
31.3972
 20
490.254
 10
31.25
 20
490.25
  0
LWPOLYLINE
100
AcDbEntity
  8
0
100
AcDbPolyline
 90
128
 70
1
 10
153.603
 20
490.254
 10
153.456
 20
490.264
 10
153.31
 20
490.282
 10
153.165
 20
490.308
 10
153.021
 20
490.34
 10
152.879
 20
490.379
 10
152.739
 20
490.425
 10
152.602
 20
490.478
 10
152.467
 20
490.538
 10
152.336
 20
490.604
 10
152.208
 20
490.677
 10
152.083
 20
490.756
 10
151.963
 20
490.84
 10
151.847
 20
490.931
 10
151.735
 20
491.027
 10
151.629
 20
491.129
 10
151.527
 20
491.235
 10
151.431
 20
491.347
 10
151.34
 20
491.463
 10
151.256
 20
491.583
 10
151.177
 20
491.708
 10
151.104
 20
491.836
 10
151.038
 20
491.967
 10
150.978
 20
492.102
 10
150.925
 20
492.239
 10
150.879
 20
492.379
 10
150.84
 20
492.521
 10
150.808
 20
492.665
 10
150.782
 20
492.81
 10
150.764
 20
492.956
 10
150.754
 20
493.103
 10
150.75
 20
493.25
 10
150.754
 20
493.397
 10
150.764
 20
493.544
 10
150.782
 20
493.69
 10
150.808
 20
493.835
 10
150.84
 20
493.979
 10
150.879
 20
494.121
 10
150.925
 20
494.261
 10
150.978
 20
494.398
 10
151.038
 20
494.533
 10
151.104
 20
494.664
 10
151.177
 20
494.792
 10
151.256
 20
494.917
 10
151.34
 20
495.037
 10
151.431
 20
495.153
 10
151.527
 20
495.265
 10
151.629
 20
495.371
 10
151.735
 20
495.473
 10
151.847
 20
495.569
 10
151.963
 20
495.66
 10
152.083
 20
495.744
 10
152.208
 20
495.823
 10
152.336
 20
495.896
 10
152.467
 20
495.962
 10
152.602
 20
496.022
 10
152.739
 20
496.075
 10
152.879
 20
496.121
 10
153.021
 20
496.16
 10
153.165
 20
496.192
 10
153.31
 20
496.218
 10
153.456
 20
496.236
 10
153.603
 20
496.246
 10
153.75
 20
496.25
 10
153.897
 20
496.246
 10
154.044
 20
496.236
 10
154.19
 20
496.218
 10
154.335
 20
496.192
 10
154.479
 20
496.16
 10
154.621
 20
496.121
 10
154.761
 20
496.075
 10
154.898
 20
496.022
 10
155.033
 20
495.962
 10
155.164
 20
495.896
 10
155.292
 20
495.823
 10
155.417
 20
495.744
 10
155.537
 20
495.66
 10
155.653
 20
495.569
 10
155.765
 20
495.473
 10
155.871
 20
495.371
 10
155.973
 20
495.265
 10
156.069
 20
495.153
 10
156.16
 20
495.037
 10
156.244
 20
494.917
 10
156.323
 20
494.792
 10
156.396
 20
494.664
 10
156.462
 20
494.533
 10
156.522
 20
494.398
 10
156.575
 20
494.261
 10
156.621
 20
494.121
 10
156.66
 20
493.979
 10
156.692
 20
493.835
 10
156.718
 20
493.69
 10
156.736
 20
493.544
 10
156.746
 20
493.397
 10
156.75
 20
493.25
 10
156.746
 20
493.103
 10
156.736
 20
492.956
 10
156.718
 20
492.81
 10
156.692
 20
492.665
 10
156.66
 20
492.521
 10
156.621
 20
492.379
 10
156.575
 20
492.239
 10
156.522
 20
492.102
 10
156.462
 20
491.967
 10
156.396
 20
491.836
 10
156.323
 20
491.708
 10
156.244
 20
491.583
 10
156.16
 20
491.463
 10
156.069
 20
491.347
 10
155.973
 20
491.235
 10
155.871
 20
491.129
 10
155.765
 20
491.027
 10
155.653
 20
490.931
 10
155.537
 20
490.84
 10
155.417
 20
490.756
 10
155.292
 20
490.677
 10
155.164
 20
490.604
 10
155.033
 20
490.538
 10
154.898
 20
490.478
 10
154.761
 20
490.425
 10
154.621
 20
490.379
 10
154.479
 20
490.34
 10
154.335
 20
490.308
 10
154.19
 20
490.282
 10
154.044
 20
490.264
 10
153.897
 20
490.254
 10
153.75
 20
490.25
  0
LWPOLYLINE
100
AcDbEntity
  8
0
100
AcDbPolyline
 90
128
 70
1
 10
89.7277
 20
364.401
 10
86.962
 20
364.605
 10
84.2097
 20
364.945
 10
81.4774
 20
365.419
 10
78.7716
 20
366.027
 10
76.0989
 20
366.766
 10
73.4657
 20
367.636
 10
70.8784
 20
368.634
 10
68.3431
 20
369.758
 10
65.8661
 20
371.005
 10
63.4532
 20
372.372
 10
61.1103
 20
373.855
 10
58.843
 20
375.452
 10
56.6568
 20
377.158
 10
54.5569
 20
378.97
 10
52.5485
 20
380.882
 10
50.6363
 20
382.89
 10
48.8249
 20
384.99
 10
47.1188
 20
387.176
 10
45.522
 20
389.444
 10
44.0383
 20
391.787
 10
42.6714
 20
394.199
 10
41.4246
 20
396.676
 10
40.3008
 20
399.212
 10
39.3028
 20
401.799
 10
38.4329
 20
404.432
 10
37.6932
 20
407.105
 10
37.0856
 20
409.811
 10
36.6115
 20
412.543
 10
36.2721
 20
415.295
 10
36.0681
 20
418.061
 10
36
 20
420.833
 10
36.0681
 20
423.606
 10
36.2721
 20
426.371
 10
36.6115
 20
429.124
 10
37.0856
 20
431.856
 10
37.6932
 20
434.562
 10
38.4329
 20
437.234
 10
39.3028
 20
439.868
 10
40.3008
 20
442.455
 10
41.4246
 20
444.99
 10
42.6714
 20
447.467
 10
44.0383
 20
449.88
 10
45.522
 20
452.223
 10
47.1188
 20
454.49
 10
48.8249
 20
456.677
 10
50.6363
 20
458.776
 10
52.5485
 20
460.785
 10
54.5569
 20
462.697
 10
56.6568
 20
464.508
 10
58.843
 20
466.215
 10
61.1103
 20
467.811
 10
63.4532
 20
469.295
 10
65.8661
 20
470.662
 10
68.3431
 20
471.909
 10
70.8784
 20
473.033
 10
73.4657
 20
474.031
 10
76.0989
 20
474.9
 10
78.7716
 20
475.64
 10
81.4774
 20
476.248
 10
84.2097
 20
476.722
 10
86.962
 20
477.061
 10
89.7277
 20
477.265
 10
92.5
 20
477.333
 10
95.2723
 20
477.265
 10
98.038
 20
477.061
 10
100.79
 20
476.722
 10
103.523
 20
476.248
 10
106.228
 20
475.64
 10
108.901
 20
474.9
 10
111.534
 20
474.031
 10
114.122
 20
473.033
 10
116.657
 20
471.909
 10
119.134
 20
470.662
 10
121.547
 20
469.295
 10
123.89
 20
467.811
 10
126.157
 20
466.215
 10
128.343
 20
464.508
 10
130.443
 20
462.697
 10
132.452
 20
460.785
 10
134.364
 20
458.776
 10
136.175
 20
456.677
 10
137.881
 20
454.49
 10
139.478
 20
452.223
 10
140.962
 20
449.88
 10
142.329
 20
447.467
 10
143.575
 20
444.99
 10
144.699
 20
442.455
 10
145.697
 20
439.868
 10
146.567
 20
437.234
 10
147.307
 20
434.562
 10
147.914
 20
431.856
 10
148.388
 20
429.124
 10
148.728
 20
426.371
 10
148.932
 20
423.606
 10
149
 20
420.833
 10
148.932
 20
418.061
 10
148.728
 20
415.295
 10
148.388
 20
412.543
 10
147.914
 20
409.811
 10
147.307
 20
407.105
 10
146.567
 20
404.432
 10
145.697
 20
401.799
 10
144.699
 20
399.212
 10
143.575
 20
396.676
 10
142.329
 20
394.199
 10
140.962
 20
391.787
 10
139.478
 20
389.444
 10
137.881
 20
387.176
 10
136.175
 20
384.99
 10
134.364
 20
382.89
 10
132.452
 20
380.882
 10
130.443
 20
378.97
 10
128.343
 20
377.158
 10
126.157
 20
375.452
 10
123.89
 20
373.855
 10
121.547
 20
372.372
 10
119.134
 20
371.005
 10
116.657
 20
369.758
 10
114.122
 20
368.634
 10
111.534
 20
367.636
 10
108.901
 20
366.766
 10
106.228
 20
366.027
 10
103.523
 20
365.419
 10
100.79
 20
364.945
 10
98.038
 20
364.605
 10
95.2723
 20
364.401
 10
92.5
 20
364.333
  0
LWPOLYLINE
100
AcDbEntity
  8
0
100
AcDbPolyline
 90
128
 70
1
 10
39.8896
 20
471.086
 10
39.7795
 20
471.094
 10
39.6699
 20
471.108
 10
39.561
 20
471.127
 10
39.4533
 20
471.151
 10
39.3469
 20
471.18
 10
39.242
 20
471.215
 10
39.139
 20
471.255
 10
39.038
 20
471.299
 10
38.9394
 20
471.349
 10
38.8433
 20
471.403
 10
38.75
 20
471.463
 10
38.6597
 20
471.526
 10
38.5726
 20
471.594
 10
38.489
 20
471.666
 10
38.409
 20
471.742
 10
38.3329
 20
471.822
 10
38.2607
 20
471.906
 10
38.1928
 20
471.993
 10
38.1292
 20
472.083
 10
38.0701
 20
472.177
 10
38.0157
 20
472.273
 10
37.966
 20
472.371
 10
37.9213
 20
472.472
 10
37.8815
 20
472.575
 10
37.8469
 20
472.68
 10
37.8174
 20
472.787
 10
37.7932
 20
472.894
 10
37.7744
 20
473.003
 10
37.7608
 20
473.113
 10
37.7527
 20
473.223
 10
37.75
 20
473.333
 10
37.7527
 20
473.444
 10
37.7608
 20
473.554
 10
37.7744
 20
473.663
 10
37.7932
 20
473.772
 10
37.8174
 20
473.88
 10
37.8469
 20
473.986
 10
37.8815
 20
474.091
 10
37.9213
 20
474.194
 10
37.966
 20
474.295
 10
38.0157
 20
474.394
 10
38.0701
 20
474.49
 10
38.1292
 20
474.583
 10
38.1928
 20
474.674
 10
38.2607
 20
474.761
 10
38.3329
 20
474.844
 10
38.409
 20
474.924
 10
38.489
 20
475
 10
38.5726
 20
475.073
 10
38.6597
 20
475.141
 10
38.75
 20
475.204
 10
38.8433
 20
475.263
 10
38.9394
 20
475.318
 10
39.038
 20
475.367
 10
39.139
 20
475.412
 10
39.242
 20
475.452
 10
39.3469
 20
475.486
 10
39.4533
 20
475.516
 10
39.561
 20
475.54
 10
39.6699
 20
475.559
 10
39.7795
 20
475.572
 10
39.8896
 20
475.581
 10
40
 20
475.583
 10
40.1104
 20
475.581
 10
40.2205
 20
475.572
 10
40.3301
 20
475.559
 10
40.439
 20
475.54
 10
40.5467
 20
475.516
 10
40.6531
 20
475.486
 10
40.758
 20
475.452
 10
40.861
 20
475.412
 10
40.962
 20
475.367
 10
41.0606
 20
475.318
 10
41.1567
 20
475.263
 10
41.25
 20
475.204
 10
41.3403
 20
475.141
 10
41.4274
 20
475.073
 10
41.511
 20
475
 10
41.591
 20
474.924
 10
41.6671
 20
474.844
 10
41.7393
 20
474.761
 10
41.8072
 20
474.674
 10
41.8708
 20
474.583
 10
41.9299
 20
474.49
 10
41.9843
 20
474.394
 10
42.034
 20
474.295
 10
42.0787
 20
474.194
 10
42.1185
 20
474.091
 10
42.1531
 20
473.986
 10
42.1826
 20
473.88
 10
42.2068
 20
473.772
 10
42.2256
 20
473.663
 10
42.2392
 20
473.554
 10
42.2473
 20
473.444
 10
42.25
 20
473.333
 10
42.2473
 20
473.223
 10
42.2392
 20
473.113
 10
42.2256
 20
473.003
 10
42.2068
 20
472.894
 10
42.1826
 20
472.787
 10
42.1531
 20
472.68
 10
42.1185
 20
472.575
 10
42.0787
 20
472.472
 10
42.034
 20
472.371
 10
41.9843
 20
472.273
 10
41.9299
 20
472.177
 10
41.8708
 20
472.083
 10
41.8072
 20
471.993
 10
41.7393
 20
471.906
 10
41.6671
 20
471.822
 10
41.591
 20
471.742
 10
41.511
 20
471.666
 10
41.4274
 20
471.594
 10
41.3403
 20
471.526
 10
41.25
 20
471.463
 10
41.1567
 20
471.403
 10
41.0606
 20
471.349
 10
40.962
 20
471.299
 10
40.861
 20
471.255
 10
40.758
 20
471.215
 10
40.6531
 20
471.18
 10
40.5467
 20
471.151
 10
40.439
 20
471.127
 10
40.3301
 20
471.108
 10
40.2205
 20
471.094
 10
40.1104
 20
471.086
 10
40
 20
471.083
  0
LWPOLYLINE
100
AcDbEntity
  8
0
100
AcDbPolyline
 90
128
 70
1
 10
144.89
 20
471.086
 10
144.779
 20
471.094
 10
144.67
 20
471.108
 10
144.561
 20
471.127
 10
144.453
 20
471.151
 10
144.347
 20
471.18
 10
144.242
 20
471.215
 10
144.139
 20
471.255
 10
144.038
 20
471.299
 10
143.939
 20
471.349
 10
143.843
 20
471.403
 10
143.75
 20
471.463
 10
143.66
 20
471.526
 10
143.573
 20
471.594
 10
143.489
 20
471.666
 10
143.409
 20
471.742
 10
143.333
 20
471.822
 10
143.261
 20
471.906
 10
143.193
 20
471.993
 10
143.129
 20
472.083
 10
143.07
 20
472.177
 10
143.016
 20
472.273
 10
142.966
 20
472.371
 10
142.921
 20
472.472
 10
142.882
 20
472.575
 10
142.847
 20
472.68
 10
142.817
 20
472.787
 10
142.793
 20
472.894
 10
142.774
 20
473.003
 10
142.761
 20
473.113
 10
142.753
 20
473.223
 10
142.75
 20
473.333
 10
142.753
 20
473.444
 10
142.761
 20
473.554
 10
142.774
 20
473.663
 10
142.793
 20
473.772
 10
142.817
 20
473.88
 10
142.847
 20
473.986
 10
142.882
 20
474.091
 10
142.921
 20
474.194
 10
142.966
 20
474.295
 10
143.016
 20
474.394
 10
143.07
 20
474.49
 10
143.129
 20
474.583
 10
143.193
 20
474.674
 10
143.261
 20
474.761
 10
143.333
 20
474.844
 10
143.409
 20
474.924
 10
143.489
 20
475
 10
143.573
 20
475.073
 10
143.66
 20
475.141
 10
143.75
 20
475.204
 10
143.843
 20
475.263
 10
143.939
 20
475.318
 10
144.038
 20
475.367
 10
144.139
 20
475.412
 10
144.242
 20
475.452
 10
144.347
 20
475.486
 10
144.453
 20
475.516
 10
144.561
 20
475.54
 10
144.67
 20
475.559
 10
144.779
 20
475.572
 10
144.89
 20
475.581
 10
145
 20
475.583
 10
145.11
 20
475.581
 10
145.221
 20
475.572
 10
145.33
 20
475.559
 10
145.439
 20
475.54
 10
145.547
 20
475.516
 10
145.653
 20
475.486
 10
145.758
 20
475.452
 10
145.861
 20
475.412
 10
145.962
 20
475.367
 10
146.061
 20
475.318
 10
146.157
 20
475.263
 10
146.25
 20
475.204
 10
146.34
 20
475.141
 10
146.427
 20
475.073
 10
146.511
 20
475
 10
146.591
 20
474.924
 10
146.667
 20
474.844
 10
146.739
 20
474.761
 10
146.807
 20
474.674
 10
146.871
 20
474.583
 10
146.93
 20
474.49
 10
146.984
 20
474.394
 10
147.034
 20
474.295
 10
147.079
 20
474.194
 10
147.118
 20
474.091
 10
147.153
 20
473.986
 10
147.183
 20
473.88
 10
147.207
 20
473.772
 10
147.226
 20
473.663
 10
147.239
 20
473.554
 10
147.247
 20
473.444
 10
147.25
 20
473.333
 10
147.247
 20
473.223
 10
147.239
 20
473.113
 10
147.226
 20
473.003
 10
147.207
 20
472.894
 10
147.183
 20
472.787
 10
147.153
 20
472.68
 10
147.118
 20
472.575
 10
147.079
 20
472.472
 10
147.034
 20
472.371
 10
146.984
 20
472.273
 10
146.93
 20
472.177
 10
146.871
 20
472.083
 10
146.807
 20
471.993
 10
146.739
 20
471.906
 10
146.667
 20
471.822
 10
146.591
 20
471.742
 10
146.511
 20
471.666
 10
146.427
 20
471.594
 10
146.34
 20
471.526
 10
146.25
 20
471.463
 10
146.157
 20
471.403
 10
146.061
 20
471.349
 10
145.962
 20
471.299
 10
145.861
 20
471.255
 10
145.758
 20
471.215
 10
145.653
 20
471.18
 10
145.547
 20
471.151
 10
145.439
 20
471.127
 10
145.33
 20
471.108
 10
145.221
 20
471.094
 10
145.11
 20
471.086
 10
145
 20
471.083
  0
LWPOLYLINE
100
AcDbEntity
  8
0
100
AcDbPolyline
 90
128
 70
1
 10
31.1028
 20
468.254
 10
30.9559
 20
468.264
 10
30.8098
 20
468.282
 10
30.6647
 20
468.308
 10
30.5211
 20
468.34
 10
30.3791
 20
468.379
 10
30.2393
 20
468.425
 10
30.1019
 20
468.478
 10
29.9673
 20
468.538
 10
29.8358
 20
468.604
 10
29.7077
 20
468.677
 10
29.5833
 20
468.756
 10
29.4629
 20
468.84
 10
29.3468
 20
468.931
 10
29.2353
 20
469.027
 10
29.1287
 20
469.129
 10
29.0271
 20
469.235
 10
28.931
 20
469.347
 10
28.8404
 20
469.463
 10
28.7556
 20
469.583
 10
28.6768
 20
469.708
 10
28.6042
 20
469.836
 10
28.538
 20
469.967
 10
28.4784
 20
470.102
 10
28.4254
 20
470.239
 10
28.3792
 20
470.379
 10
28.3399
 20
470.521
 10
28.3076
 20
470.665
 10
28.2825
 20
470.81
 10
28.2644
 20
470.956
 10
28.2536
 20
471.103
 10
28.25
 20
471.25
 10
28.2536
 20
471.397
 10
28.2644
 20
471.544
 10
28.2825
 20
471.69
 10
28.3076
 20
471.835
 10
28.3399
 20
471.979
 10
28.3792
 20
472.121
 10
28.4254
 20
472.261
 10
28.4784
 20
472.398
 10
28.538
 20
472.533
 10
28.6042
 20
472.664
 10
28.6768
 20
472.792
 10
28.7556
 20
472.917
 10
28.8404
 20
473.037
 10
28.931
 20
473.153
 10
29.0271
 20
473.265
 10
29.1287
 20
473.371
 10
29.2353
 20
473.473
 10
29.3468
 20
473.569
 10
29.4629
 20
473.66
 10
29.5833
 20
473.744
 10
29.7077
 20
473.823
 10
29.8358
 20
473.896
 10
29.9673
 20
473.962
 10
30.1019
 20
474.022
 10
30.2393
 20
474.075
 10
30.3791
 20
474.121
 10
30.5211
 20
474.16
 10
30.6647
 20
474.192
 10
30.8098
 20
474.218
 10
30.9559
 20
474.236
 10
31.1028
 20
474.246
 10
31.25
 20
474.25
 10
31.3972
 20
474.246
 10
31.5441
 20
474.236
 10
31.6902
 20
474.218
 10
31.8353
 20
474.192
 10
31.9789
 20
474.16
 10
32.1209
 20
474.121
 10
32.2607
 20
474.075
 10
32.3981
 20
474.022
 10
32.5327
 20
473.962
 10
32.6642
 20
473.896
 10
32.7923
 20
473.823
 10
32.9167
 20
473.744
 10
33.0371
 20
473.66
 10
33.1532
 20
473.569
 10
33.2647
 20
473.473
 10
33.3713
 20
473.371
 10
33.4729
 20
473.265
 10
33.569
 20
473.153
 10
33.6596
 20
473.037
 10
33.7444
 20
472.917
 10
33.8232
 20
472.792
 10
33.8958
 20
472.664
 10
33.962
 20
472.533
 10
34.0216
 20
472.398
 10
34.0746
 20
472.261
 10
34.1208
 20
472.121
 10
34.1601
 20
471.979
 10
34.1924
 20
471.835
 10
34.2175
 20
471.69
 10
34.2356
 20
471.544
 10
34.2464
 20
471.397
 10
34.25
 20
471.25
 10
34.2464
 20
471.103
 10
34.2356
 20
470.956
 10
34.2175
 20
470.81
 10
34.1924
 20
470.665
 10
34.1601
 20
470.521
 10
34.1208
 20
470.379
 10
34.0746
 20
470.239
 10
34.0216
 20
470.102
 10
33.962
 20
469.967
 10
33.8958
 20
469.836
 10
33.8232
 20
469.708
 10
33.7444
 20
469.583
 10
33.6596
 20
469.463
 10
33.569
 20
469.347
 10
33.4729
 20
469.235
 10
33.3713
 20
469.129
 10
33.2647
 20
469.027
 10
33.1532
 20
468.931
 10
33.0371
 20
468.84
 10
32.9167
 20
468.756
 10
32.7923
 20
468.677
 10
32.6642
 20
468.604
 10
32.5327
 20
468.538
 10
32.3981
 20
468.478
 10
32.2607
 20
468.425
 10
32.1209
 20
468.379
 10
31.9789
 20
468.34
 10
31.8353
 20
468.308
 10
31.6902
 20
468.282
 10
31.5441
 20
468.264
 10
31.3972
 20
468.254
 10
31.25
 20
468.25
  0
LWPOLYLINE
100
AcDbEntity
  8
0
100
AcDbPolyline
 90
128
 70
1
 10
153.603
 20
468.254
 10
153.456
 20
468.264
 10
153.31
 20
468.282
 10
153.165
 20
468.308
 10
153.021
 20
468.34
 10
152.879
 20
468.379
 10
152.739
 20
468.425
 10
152.602
 20
468.478
 10
152.467
 20
468.538
 10
152.336
 20
468.604
 10
152.208
 20
468.677
 10
152.083
 20
468.756
 10
151.963
 20
468.84
 10
151.847
 20
468.931
 10
151.735
 20
469.027
 10
151.629
 20
469.129
 10
151.527
 20
469.235
 10
151.431
 20
469.347
 10
151.34
 20
469.463
 10
151.256
 20
469.583
 10
151.177
 20
469.708
 10
151.104
 20
469.836
 10
151.038
 20
469.967
 10
150.978
 20
470.102
 10
150.925
 20
470.239
 10
150.879
 20
470.379
 10
150.84
 20
470.521
 10
150.808
 20
470.665
 10
150.782
 20
470.81
 10
150.764
 20
470.956
 10
150.754
 20
471.103
 10
150.75
 20
471.25
 10
150.754
 20
471.397
 10
150.764
 20
471.544
 10
150.782
 20
471.69
 10
150.808
 20
471.835
 10
150.84
 20
471.979
 10
150.879
 20
472.121
 10
150.925
 20
472.261
 10
150.978
 20
472.398
 10
151.038
 20
472.533
 10
151.104
 20
472.664
 10
151.177
 20
472.792
 10
151.256
 20
472.917
 10
151.34
 20
473.037
 10
151.431
 20
473.153
 10
151.527
 20
473.265
 10
151.629
 20
473.371
 10
151.735
 20
473.473
 10
151.847
 20
473.569
 10
151.963
 20
473.66
 10
152.083
 20
473.744
 10
152.208
 20
473.823
 10
152.336
 20
473.896
 10
152.467
 20
473.962
 10
152.602
 20
474.022
 10
152.739
 20
474.075
 10
152.879
 20
474.121
 10
153.021
 20
474.16
 10
153.165
 20
474.192
 10
153.31
 20
474.218
 10
153.456
 20
474.236
 10
153.603
 20
474.246
 10
153.75
 20
474.25
 10
153.897
 20
474.246
 10
154.044
 20
474.236
 10
154.19
 20
474.218
 10
154.335
 20
474.192
 10
154.479
 20
474.16
 10
154.621
 20
474.121
 10
154.761
 20
474.075
 10
154.898
 20
474.022
 10
155.033
 20
473.962
 10
155.164
 20
473.896
 10
155.292
 20
473.823
 10
155.417
 20
473.744
 10
155.537
 20
473.66
 10
155.653
 20
473.569
 10
155.765
 20
473.473
 10
155.871
 20
473.371
 10
155.973
 20
473.265
 10
156.069
 20
473.153
 10
156.16
 20
473.037
 10
156.244
 20
472.917
 10
156.323
 20
472.792
 10
156.396
 20
472.664
 10
156.462
 20
472.533
 10
156.522
 20
472.398
 10
156.575
 20
472.261
 10
156.621
 20
472.121
 10
156.66
 20
471.979
 10
156.692
 20
471.835
 10
156.718
 20
471.69
 10
156.736
 20
471.544
 10
156.746
 20
471.397
 10
156.75
 20
471.25
 10
156.746
 20
471.103
 10
156.736
 20
470.956
 10
156.718
 20
470.81
 10
156.692
 20
470.665
 10
156.66
 20
470.521
 10
156.621
 20
470.379
 10
156.575
 20
470.239
 10
156.522
 20
470.102
 10
156.462
 20
469.967
 10
156.396
 20
469.836
 10
156.323
 20
469.708
 10
156.244
 20
469.583
 10
156.16
 20
469.463
 10
156.069
 20
469.347
 10
155.973
 20
469.235
 10
155.871
 20
469.129
 10
155.765
 20
469.027
 10
155.653
 20
468.931
 10
155.537
 20
468.84
 10
155.417
 20
468.756
 10
155.292
 20
468.677
 10
155.164
 20
468.604
 10
155.033
 20
468.538
 10
154.898
 20
468.478
 10
154.761
 20
468.425
 10
154.621
 20
468.379
 10
154.479
 20
468.34
 10
154.335
 20
468.308
 10
154.19
 20
468.282
 10
154.044
 20
468.264
 10
153.897
 20
468.254
 10
153.75
 20
468.25
  0
LWPOLYLINE
100
AcDbEntity
  8
0
100
AcDbPolyline
 90
4
 70
1
 10
22
 20
451.875
 10
26
 20
451.875
 10
26
 20
431.875
 10
22
 20
431.875
  0
LWPOLYLINE
100
AcDbEntity
  8
0
100
AcDbPolyline
 90
4
 70
1
 10
159
 20
451.875
 10
163
 20
451.875
 10
163
 20
431.875
 10
159
 20
431.875
  0
LWPOLYLINE
100
AcDbEntity
  8
0
100
AcDbPolyline
 90
128
 70
1
 10
39.8896
 20
366.086
 10
39.7795
 20
366.094
 10
39.6699
 20
366.108
 10
39.561
 20
366.127
 10
39.4533
 20
366.151
 10
39.3469
 20
366.18
 10
39.242
 20
366.215
 10
39.139
 20
366.255
 10
39.038
 20
366.299
 10
38.9394
 20
366.349
 10
38.8433
 20
366.403
 10
38.75
 20
366.463
 10
38.6597
 20
366.526
 10
38.5726
 20
366.594
 10
38.489
 20
366.666
 10
38.409
 20
366.742
 10
38.3329
 20
366.822
 10
38.2607
 20
366.906
 10
38.1928
 20
366.993
 10
38.1292
 20
367.083
 10
38.0701
 20
367.177
 10
38.0157
 20
367.273
 10
37.966
 20
367.371
 10
37.9213
 20
367.472
 10
37.8815
 20
367.575
 10
37.8469
 20
367.68
 10
37.8174
 20
367.787
 10
37.7932
 20
367.894
 10
37.7744
 20
368.003
 10
37.7608
 20
368.113
 10
37.7527
 20
368.223
 10
37.75
 20
368.333
 10
37.7527
 20
368.444
 10
37.7608
 20
368.554
 10
37.7744
 20
368.663
 10
37.7932
 20
368.772
 10
37.8174
 20
368.88
 10
37.8469
 20
368.986
 10
37.8815
 20
369.091
 10
37.9213
 20
369.194
 10
37.966
 20
369.295
 10
38.0157
 20
369.394
 10
38.0701
 20
369.49
 10
38.1292
 20
369.583
 10
38.1928
 20
369.674
 10
38.2607
 20
369.761
 10
38.3329
 20
369.844
 10
38.409
 20
369.924
 10
38.489
 20
370
 10
38.5726
 20
370.073
 10
38.6597
 20
370.141
 10
38.75
 20
370.204
 10
38.8433
 20
370.263
 10
38.9394
 20
370.318
 10
39.038
 20
370.367
 10
39.139
 20
370.412
 10
39.242
 20
370.452
 10
39.3469
 20
370.486
 10
39.4533
 20
370.516
 10
39.561
 20
370.54
 10
39.6699
 20
370.559
 10
39.7795
 20
370.572
 10
39.8896
 20
370.581
 10
40
 20
370.583
 10
40.1104
 20
370.581
 10
40.2205
 20
370.572
 10
40.3301
 20
370.559
 10
40.439
 20
370.54
 10
40.5467
 20
370.516
 10
40.6531
 20
370.486
 10
40.758
 20
370.452
 10
40.861
 20
370.412
 10
40.962
 20
370.367
 10
41.0606
 20
370.318
 10
41.1567
 20
370.263
 10
41.25
 20
370.204
 10
41.3403
 20
370.141
 10
41.4274
 20
370.073
 10
41.511
 20
370
 10
41.591
 20
369.924
 10
41.6671
 20
369.844
 10
41.7393
 20
369.761
 10
41.8072
 20
369.674
 10
41.8708
 20
369.583
 10
41.9299
 20
369.49
 10
41.9843
 20
369.394
 10
42.034
 20
369.295
 10
42.0787
 20
369.194
 10
42.1185
 20
369.091
 10
42.1531
 20
368.986
 10
42.1826
 20
368.88
 10
42.2068
 20
368.772
 10
42.2256
 20
368.663
 10
42.2392
 20
368.554
 10
42.2473
 20
368.444
 10
42.25
 20
368.333
 10
42.2473
 20
368.223
 10
42.2392
 20
368.113
 10
42.2256
 20
368.003
 10
42.2068
 20
367.894
 10
42.1826
 20
367.787
 10
42.1531
 20
367.68
 10
42.1185
 20
367.575
 10
42.0787
 20
367.472
 10
42.034
 20
367.371
 10
41.9843
 20
367.273
 10
41.9299
 20
367.177
 10
41.8708
 20
367.083
 10
41.8072
 20
366.993
 10
41.7393
 20
366.906
 10
41.6671
 20
366.822
 10
41.591
 20
366.742
 10
41.511
 20
366.666
 10
41.4274
 20
366.594
 10
41.3403
 20
366.526
 10
41.25
 20
366.463
 10
41.1567
 20
366.403
 10
41.0606
 20
366.349
 10
40.962
 20
366.299
 10
40.861
 20
366.255
 10
40.758
 20
366.215
 10
40.6531
 20
366.18
 10
40.5467
 20
366.151
 10
40.439
 20
366.127
 10
40.3301
 20
366.108
 10
40.2205
 20
366.094
 10
40.1104
 20
366.086
 10
40
 20
366.083
  0
LWPOLYLINE
100
AcDbEntity
  8
0
100
AcDbPolyline
 90
128
 70
1
 10
144.89
 20
366.086
 10
144.779
 20
366.094
 10
144.67
 20
366.108
 10
144.561
 20
366.127
 10
144.453
 20
366.151
 10
144.347
 20
366.18
 10
144.242
 20
366.215
 10
144.139
 20
366.255
 10
144.038
 20
366.299
 10
143.939
 20
366.349
 10
143.843
 20
366.403
 10
143.75
 20
366.463
 10
143.66
 20
366.526
 10
143.573
 20
366.594
 10
143.489
 20
366.666
 10
143.409
 20
366.742
 10
143.333
 20
366.822
 10
143.261
 20
366.906
 10
143.193
 20
366.993
 10
143.129
 20
367.083
 10
143.07
 20
367.177
 10
143.016
 20
367.273
 10
142.966
 20
367.371
 10
142.921
 20
367.472
 10
142.882
 20
367.575
 10
142.847
 20
367.68
 10
142.817
 20
367.787
 10
142.793
 20
367.894
 10
142.774
 20
368.003
 10
142.761
 20
368.113
 10
142.753
 20
368.223
 10
142.75
 20
368.333
 10
142.753
 20
368.444
 10
142.761
 20
368.554
 10
142.774
 20
368.663
 10
142.793
 20
368.772
 10
142.817
 20
368.88
 10
142.847
 20
368.986
 10
142.882
 20
369.091
 10
142.921
 20
369.194
 10
142.966
 20
369.295
 10
143.016
 20
369.394
 10
143.07
 20
369.49
 10
143.129
 20
369.583
 10
143.193
 20
369.674
 10
143.261
 20
369.761
 10
143.333
 20
369.844
 10
143.409
 20
369.924
 10
143.489
 20
370
 10
143.573
 20
370.073
 10
143.66
 20
370.141
 10
143.75
 20
370.204
 10
143.843
 20
370.263
 10
143.939
 20
370.318
 10
144.038
 20
370.367
 10
144.139
 20
370.412
 10
144.242
 20
370.452
 10
144.347
 20
370.486
 10
144.453
 20
370.516
 10
144.561
 20
370.54
 10
144.67
 20
370.559
 10
144.779
 20
370.572
 10
144.89
 20
370.581
 10
145
 20
370.583
 10
145.11
 20
370.581
 10
145.221
 20
370.572
 10
145.33
 20
370.559
 10
145.439
 20
370.54
 10
145.547
 20
370.516
 10
145.653
 20
370.486
 10
145.758
 20
370.452
 10
145.861
 20
370.412
 10
145.962
 20
370.367
 10
146.061
 20
370.318
 10
146.157
 20
370.263
 10
146.25
 20
370.204
 10
146.34
 20
370.141
 10
146.427
 20
370.073
 10
146.511
 20
370
 10
146.591
 20
369.924
 10
146.667
 20
369.844
 10
146.739
 20
369.761
 10
146.807
 20
369.674
 10
146.871
 20
369.583
 10
146.93
 20
369.49
 10
146.984
 20
369.394
 10
147.034
 20
369.295
 10
147.079
 20
369.194
 10
147.118
 20
369.091
 10
147.153
 20
368.986
 10
147.183
 20
368.88
 10
147.207
 20
368.772
 10
147.226
 20
368.663
 10
147.239
 20
368.554
 10
147.247
 20
368.444
 10
147.25
 20
368.333
 10
147.247
 20
368.223
 10
147.239
 20
368.113
 10
147.226
 20
368.003
 10
147.207
 20
367.894
 10
147.183
 20
367.787
 10
147.153
 20
367.68
 10
147.118
 20
367.575
 10
147.079
 20
367.472
 10
147.034
 20
367.371
 10
146.984
 20
367.273
 10
146.93
 20
367.177
 10
146.871
 20
367.083
 10
146.807
 20
366.993
 10
146.739
 20
366.906
 10
146.667
 20
366.822
 10
146.591
 20
366.742
 10
146.511
 20
366.666
 10
146.427
 20
366.594
 10
146.34
 20
366.526
 10
146.25
 20
366.463
 10
146.157
 20
366.403
 10
146.061
 20
366.349
 10
145.962
 20
366.299
 10
145.861
 20
366.255
 10
145.758
 20
366.215
 10
145.653
 20
366.18
 10
145.547
 20
366.151
 10
145.439
 20
366.127
 10
145.33
 20
366.108
 10
145.221
 20
366.094
 10
145.11
 20
366.086
 10
145
 20
366.083
  0
LWPOLYLINE
100
AcDbEntity
  8
0
100
AcDbPolyline
 90
128
 70
1
 10
92.3528
 20
330.092
 10
92.2059
 20
330.103
 10
92.0598
 20
330.121
 10
91.9147
 20
330.146
 10
91.7711
 20
330.179
 10
91.6291
 20
330.218
 10
91.4893
 20
330.264
 10
91.3519
 20
330.317
 10
91.2173
 20
330.377
 10
91.0858
 20
330.443
 10
90.9577
 20
330.516
 10
90.8333
 20
330.594
 10
90.7129
 20
330.679
 10
90.5968
 20
330.77
 10
90.4853
 20
330.866
 10
90.3787
 20
330.967
 10
90.2771
 20
331.074
 10
90.181
 20
331.186
 10
90.0904
 20
331.302
 10
90.0056
 20
331.422
 10
89.9268
 20
331.546
 10
89.8542
 20
331.675
 10
89.788
 20
331.806
 10
89.7284
 20
331.941
 10
89.6754
 20
332.078
 10
89.6292
 20
332.218
 10
89.5899
 20
332.36
 10
89.5576
 20
332.504
 10
89.5325
 20
332.649
 10
89.5144
 20
332.795
 10
89.5036
 20
332.942
 10
89.5
 20
333.089
 10
89.5036
 20
333.236
 10
89.5144
 20
333.383
 10
89.5325
 20
333.529
 10
89.5576
 20
333.674
 10
89.5899
 20
333.818
 10
89.6292
 20
333.96
 10
89.6754
 20
334.099
 10
89.7284
 20
334.237
 10
89.788
 20
334.371
 10
89.8542
 20
334.503
 10
89.9268
 20
334.631
 10
90.0056
 20
334.755
 10
90.0904
 20
334.876
 10
90.181
 20
334.992
 10
90.2771
 20
335.103
 10
90.3787
 20
335.21
 10
90.4853
 20
335.312
 10
90.5968
 20
335.408
 10
90.7129
 20
335.498
 10
90.8333
 20
335.583
 10
90.9577
 20
335.662
 10
91.0858
 20
335.735
 10
91.2173
 20
335.801
 10
91.3519
 20
335.86
 10
91.4893
 20
335.913
 10
91.6291
 20
335.96
 10
91.7711
 20
335.999
 10
91.9147
 20
336.031
 10
92.0598
 20
336.056
 10
92.2059
 20
336.074
 10
92.3528
 20
336.085
 10
92.5
 20
336.089
 10
92.6472
 20
336.085
 10
92.7941
 20
336.074
 10
92.9402
 20
336.056
 10
93.0853
 20
336.031
 10
93.2289
 20
335.999
 10
93.3709
 20
335.96
 10
93.5107
 20
335.913
 10
93.6481
 20
335.86
 10
93.7827
 20
335.801
 10
93.9142
 20
335.735
 10
94.0423
 20
335.662
 10
94.1667
 20
335.583
 10
94.2871
 20
335.498
 10
94.4032
 20
335.408
 10
94.5147
 20
335.312
 10
94.6213
 20
335.21
 10
94.7229
 20
335.103
 10
94.819
 20
334.992
 10
94.9096
 20
334.876
 10
94.9944
 20
334.755
 10
95.0732
 20
334.631
 10
95.1458
 20
334.503
 10
95.212
 20
334.371
 10
95.2716
 20
334.237
 10
95.3246
 20
334.099
 10
95.3708
 20
333.96
 10
95.4101
 20
333.818
 10
95.4424
 20
333.674
 10
95.4675
 20
333.529
 10
95.4856
 20
333.383
 10
95.4964
 20
333.236
 10
95.5
 20
333.089
 10
95.4964
 20
332.942
 10
95.4856
 20
332.795
 10
95.4675
 20
332.649
 10
95.4424
 20
332.504
 10
95.4101
 20
332.36
 10
95.3708
 20
332.218
 10
95.3246
 20
332.078
 10
95.2716
 20
331.941
 10
95.212
 20
331.806
 10
95.1458
 20
331.675
 10
95.0732
 20
331.546
 10
94.9944
 20
331.422
 10
94.9096
 20
331.302
 10
94.819
 20
331.186
 10
94.7229
 20
331.074
 10
94.6213
 20
330.967
 10
94.5147
 20
330.866
 10
94.4032
 20
330.77
 10
94.2871
 20
330.679
 10
94.1667
 20
330.594
 10
94.0423
 20
330.516
 10
93.9142
 20
330.443
 10
93.7827
 20
330.377
 10
93.6481
 20
330.317
 10
93.5107
 20
330.264
 10
93.3709
 20
330.218
 10
93.2289
 20
330.179
 10
93.0853
 20
330.146
 10
92.9402
 20
330.121
 10
92.7941
 20
330.103
 10
92.6472
 20
330.092
 10
92.5
 20
330.089
  0
LWPOLYLINE
100
AcDbEntity
  8
0
100
AcDbPolyline
 90
4
 70
1
 10
22
 20
325.625
 10
26
 20
325.625
 10
26
 20
305.625
 10
22
 20
305.625
  0
LWPOLYLINE
100
AcDbEntity
  8
0
100
AcDbPolyline
 90
4
 70
1
 10
159
 20
325.625
 10
163
 20
325.625
 10
163
 20
305.625
 10
159
 20
305.625
  0
LWPOLYLINE
100
AcDbEntity
  8
0
100
AcDbPolyline
 90
4
 70
1
 10
22
 20
199.375
 10
26
 20
199.375
 10
26
 20
179.375
 10
22
 20
179.375
  0
LWPOLYLINE
100
AcDbEntity
  8
0
100
AcDbPolyline
 90
4
 70
1
 10
159
 20
199.375
 10
163
 20
199.375
 10
163
 20
179.375
 10
159
 20
179.375
  0
LWPOLYLINE
100
AcDbEntity
  8
0
100
AcDbPolyline
 90
128
 70
1
 10
92.3528
 20
168.915
 10
92.2059
 20
168.926
 10
92.0598
 20
168.944
 10
91.9147
 20
168.969
 10
91.7711
 20
169.001
 10
91.6291
 20
169.04
 10
91.4893
 20
169.087
 10
91.3519
 20
169.14
 10
91.2173
 20
169.199
 10
91.0858
 20
169.265
 10
90.9577
 20
169.338
 10
90.8333
 20
169.417
 10
90.7129
 20
169.502
 10
90.5968
 20
169.592
 10
90.4853
 20
169.688
 10
90.3787
 20
169.79
 10
90.2771
 20
169.897
 10
90.181
 20
170.008
 10
90.0904
 20
170.124
 10
90.0056
 20
170.245
 10
89.9268
 20
170.369
 10
89.8542
 20
170.497
 10
89.788
 20
170.629
 10
89.7284
 20
170.763
 10
89.6754
 20
170.901
 10
89.6292
 20
171.04
 10
89.5899
 20
171.182
 10
89.5576
 20
171.326
 10
89.5325
 20
171.471
 10
89.5144
 20
171.617
 10
89.5036
 20
171.764
 10
89.5
 20
171.911
 10
89.5036
 20
172.058
 10
89.5144
 20
172.205
 10
89.5325
 20
172.351
 10
89.5576
 20
172.496
 10
89.5899
 20
172.64
 10
89.6292
 20
172.782
 10
89.6754
 20
172.922
 10
89.7284
 20
173.059
 10
89.788
 20
173.194
 10
89.8542
 20
173.325
 10
89.9268
 20
173.454
 10
90.0056
 20
173.578
 10
90.0904
 20
173.698
 10
90.181
 20
173.814
 10
90.2771
 20
173.926
 10
90.3787
 20
174.033
 10
90.4853
 20
174.134
 10
90.5968
 20
174.23
 10
90.7129
 20
174.321
 10
90.8333
 20
174.406
 10
90.9577
 20
174.484
 10
91.0858
 20
174.557
 10
91.2173
 20
174.623
 10
91.3519
 20
174.683
 10
91.4893
 20
174.736
 10
91.6291
 20
174.782
 10
91.7711
 20
174.821
 10
91.9147
 20
174.854
 10
92.0598
 20
174.879
 10
92.2059
 20
174.897
 10
92.3528
 20
174.908
 10
92.5
 20
174.911
 10
92.6472
 20
174.908
 10
92.7941
 20
174.897
 10
92.9402
 20
174.879
 10
93.0853
 20
174.854
 10
93.2289
 20
174.821
 10
93.3709
 20
174.782
 10
93.5107
 20
174.736
 10
93.6481
 20
174.683
 10
93.7827
 20
174.623
 10
93.9142
 20
174.557
 10
94.0423
 20
174.484
 10
94.1667
 20
174.406
 10
94.2871
 20
174.321
 10
94.4032
 20
174.23
 10
94.5147
 20
174.134
 10
94.6213
 20
174.033
 10
94.7229
 20
173.926
 10
94.819
 20
173.814
 10
94.9096
 20
173.698
 10
94.9944
 20
173.578
 10
95.0732
 20
173.454
 10
95.1458
 20
173.325
 10
95.212
 20
173.194
 10
95.2716
 20
173.059
 10
95.3246
 20
172.922
 10
95.3708
 20
172.782
 10
95.4101
 20
172.64
 10
95.4424
 20
172.496
 10
95.4675
 20
172.351
 10
95.4856
 20
172.205
 10
95.4964
 20
172.058
 10
95.5
 20
171.911
 10
95.4964
 20
171.764
 10
95.4856
 20
171.617
 10
95.4675
 20
171.471
 10
95.4424
 20
171.326
 10
95.4101
 20
171.182
 10
95.3708
 20
171.04
 10
95.3246
 20
170.901
 10
95.2716
 20
170.763
 10
95.212
 20
170.629
 10
95.1458
 20
170.497
 10
95.0732
 20
170.369
 10
94.9944
 20
170.245
 10
94.9096
 20
170.124
 10
94.819
 20
170.008
 10
94.7229
 20
169.897
 10
94.6213
 20
169.79
 10
94.5147
 20
169.688
 10
94.4032
 20
169.592
 10
94.2871
 20
169.502
 10
94.1667
 20
169.417
 10
94.0423
 20
169.338
 10
93.9142
 20
169.265
 10
93.7827
 20
169.199
 10
93.6481
 20
169.14
 10
93.5107
 20
169.087
 10
93.3709
 20
169.04
 10
93.2289
 20
169.001
 10
93.0853
 20
168.969
 10
92.9402
 20
168.944
 10
92.7941
 20
168.926
 10
92.6472
 20
168.915
 10
92.5
 20
168.911
  0
LWPOLYLINE
100
AcDbEntity
  8
0
100
AcDbPolyline
 90
128
 70
1
 10
89.7277
 20
27.7347
 10
86.962
 20
27.9387
 10
84.2097
 20
28.2782
 10
81.4774
 20
28.7523
 10
78.7716
 20
29.3599
 10
76.0989
 20
30.0995
 10
73.4657
 20
30.9694
 10
70.8784
 20
31.9675
 10
68.3431
 20
33.0913
 10
65.8661
 20
34.3381
 10
63.4532
 20
35.705
 10
61.1103
 20
37.1886
 10
58.843
 20
38.7854
 10
56.6568
 20
40.4916
 10
54.5569
 20
42.3029
 10
52.5485
 20
44.2151
 10
50.6363
 20
46.2236
 10
48.8249
 20
48.3234
 10
47.1188
 20
50.5097
 10
45.522
 20
52.7769
 10
44.0383
 20
55.1199
 10
42.6714
 20
57.5328
 10
41.4246
 20
60.0098
 10
40.3008
 20
62.5451
 10
39.3028
 20
65.1324
 10
38.4329
 20
67.7656
 10
37.6932
 20
70.4383
 10
37.0856
 20
73.1441
 10
36.6115
 20
75.8764
 10
36.2721
 20
78.6287
 10
36.0681
 20
81.3943
 10
36
 20
84.1667
 10
36.0681
 20
86.939
 10
36.2721
 20
89.7046
 10
36.6115
 20
92.4569
 10
37.0856
 20
95.1893
 10
37.6932
 20
97.895
 10
38.4329
 20
100.568
 10
39.3028
 20
103.201
 10
40.3008
 20
105.788
 10
41.4246
 20
108.324
 10
42.6714
 20
110.801
 10
44.0383
 20
113.213
 10
45.522
 20
115.556
 10
47.1188
 20
117.824
 10
48.8249
 20
120.01
 10
50.6363
 20
122.11
 10
52.5485
 20
124.118
 10
54.5569
 20
126.03
 10
56.6568
 20
127.842
 10
58.843
 20
129.548
 10
61.1103
 20
131.145
 10
63.4532
 20
132.628
 10
65.8661
 20
133.995
 10
68.3431
 20
135.242
 10
70.8784
 20
136.366
 10
73.4657
 20
137.364
 10
76.0989
 20
138.234
 10
78.7716
 20
138.973
 10
81.4774
 20
139.581
 10
84.2097
 20
140.055
 10
86.962
 20
140.395
 10
89.7277
 20
140.599
 10
92.5
 20
140.667
 10
95.2723
 20
140.599
 10
98.038
 20
140.395
 10
100.79
 20
140.055
 10
103.523
 20
139.581
 10
106.228
 20
138.973
 10
108.901
 20
138.234
 10
111.534
 20
137.364
 10
114.122
 20
136.366
 10
116.657
 20
135.242
 10
119.134
 20
133.995
 10
121.547
 20
132.628
 10
123.89
 20
131.145
 10
126.157
 20
129.548
 10
128.343
 20
127.842
 10
130.443
 20
126.03
 10
132.452
 20
124.118
 10
134.364
 20
122.11
 10
136.175
 20
120.01
 10
137.881
 20
117.824
 10
139.478
 20
115.556
 10
140.962
 20
113.213
 10
142.329
 20
110.801
 10
143.575
 20
108.324
 10
144.699
 20
105.788
 10
145.697
 20
103.201
 10
146.567
 20
100.568
 10
147.307
 20
97.895
 10
147.914
 20
95.1893
 10
148.388
 20
92.4569
 10
148.728
 20
89.7046
 10
148.932
 20
86.939
 10
149
 20
84.1667
 10
148.932
 20
81.3943
 10
148.728
 20
78.6287
 10
148.388
 20
75.8764
 10
147.914
 20
73.1441
 10
147.307
 20
70.4383
 10
146.567
 20
67.7656
 10
145.697
 20
65.1324
 10
144.699
 20
62.5451
 10
143.575
 20
60.0098
 10
142.329
 20
57.5328
 10
140.962
 20
55.1199
 10
139.478
 20
52.7769
 10
137.881
 20
50.5097
 10
136.175
 20
48.3234
 10
134.364
 20
46.2236
 10
132.452
 20
44.2151
 10
130.443
 20
42.3029
 10
128.343
 20
40.4916
 10
126.157
 20
38.7854
 10
123.89
 20
37.1886
 10
121.547
 20
35.705
 10
119.134
 20
34.3381
 10
116.657
 20
33.0913
 10
114.122
 20
31.9675
 10
111.534
 20
30.9694
 10
108.901
 20
30.0995
 10
106.228
 20
29.3599
 10
103.523
 20
28.7523
 10
100.79
 20
28.2782
 10
98.038
 20
27.9387
 10
95.2723
 20
27.7347
 10
92.5
 20
27.6667
  0
LWPOLYLINE
100
AcDbEntity
  8
0
100
AcDbPolyline
 90
128
 70
1
 10
39.8896
 20
134.419
 10
39.7795
 20
134.428
 10
39.6699
 20
134.441
 10
39.561
 20
134.46
 10
39.4533
 20
134.484
 10
39.3469
 20
134.514
 10
39.242
 20
134.548
 10
39.139
 20
134.588
 10
39.038
 20
134.633
 10
38.9394
 20
134.682
 10
38.8433
 20
134.737
 10
38.75
 20
134.796
 10
38.6597
 20
134.859
 10
38.5726
 20
134.927
 10
38.489
 20
135
 10
38.409
 20
135.076
 10
38.3329
 20
135.156
 10
38.2607
 20
135.239
 10
38.1928
 20
135.326
 10
38.1292
 20
135.417
 10
38.0701
 20
135.51
 10
38.0157
 20
135.606
 10
37.966
 20
135.705
 10
37.9213
 20
135.806
 10
37.8815
 20
135.909
 10
37.8469
 20
136.014
 10
37.8174
 20
136.12
 10
37.7932
 20
136.228
 10
37.7744
 20
136.337
 10
37.7608
 20
136.446
 10
37.7527
 20
136.556
 10
37.75
 20
136.667
 10
37.7527
 20
136.777
 10
37.7608
 20
136.887
 10
37.7744
 20
136.997
 10
37.7932
 20
137.106
 10
37.8174
 20
137.213
 10
37.8469
 20
137.32
 10
37.8815
 20
137.425
 10
37.9213
 20
137.528
 10
37.966
 20
137.629
 10
38.0157
 20
137.727
 10
38.0701
 20
137.823
 10
38.1292
 20
137.917
 10
38.1928
 20
138.007
 10
38.2607
 20
138.094
 10
38.3329
 20
138.178
 10
38.409
 20
138.258
 10
38.489
 20
138.334
 10
38.5726
 20
138.406
 10
38.6597
 20
138.474
 10
38.75
 20
138.537
 10
38.8433
 20
138.597
 10
38.9394
 20
138.651
 10
39.038
 20
138.701
 10
39.139
 20
138.745
 10
39.242
 20
138.785
 10
39.3469
 20
138.82
 10
39.4533
 20
138.849
 10
39.561
 20
138.873
 10
39.6699
 20
138.892
 10
39.7795
 20
138.906
 10
39.8896
 20
138.914
 10
40
 20
138.917
 10
40.1104
 20
138.914
 10
40.2205
 20
138.906
 10
40.3301
 20
138.892
 10
40.439
 20
138.873
 10
40.5467
 20
138.849
 10
40.6531
 20
138.82
 10
40.758
 20
138.785
 10
40.861
 20
138.745
 10
40.962
 20
138.701
 10
41.0606
 20
138.651
 10
41.1567
 20
138.597
 10
41.25
 20
138.537
 10
41.3403
 20
138.474
 10
41.4274
 20
138.406
 10
41.511
 20
138.334
 10
41.591
 20
138.258
 10
41.6671
 20
138.178
 10
41.7393
 20
138.094
 10
41.8072
 20
138.007
 10
41.8708
 20
137.917
 10
41.9299
 20
137.823
 10
41.9843
 20
137.727
 10
42.034
 20
137.629
 10
42.0787
 20
137.528
 10
42.1185
 20
137.425
 10
42.1531
 20
137.32
 10
42.1826
 20
137.213
 10
42.2068
 20
137.106
 10
42.2256
 20
136.997
 10
42.2392
 20
136.887
 10
42.2473
 20
136.777
 10
42.25
 20
136.667
 10
42.2473
 20
136.556
 10
42.2392
 20
136.446
 10
42.2256
 20
136.337
 10
42.2068
 20
136.228
 10
42.1826
 20
136.12
 10
42.1531
 20
136.014
 10
42.1185
 20
135.909
 10
42.0787
 20
135.806
 10
42.034
 20
135.705
 10
41.9843
 20
135.606
 10
41.9299
 20
135.51
 10
41.8708
 20
135.417
 10
41.8072
 20
135.326
 10
41.7393
 20
135.239
 10
41.6671
 20
135.156
 10
41.591
 20
135.076
 10
41.511
 20
135
 10
41.4274
 20
134.927
 10
41.3403
 20
134.859
 10
41.25
 20
134.796
 10
41.1567
 20
134.737
 10
41.0606
 20
134.682
 10
40.962
 20
134.633
 10
40.861
 20
134.588
 10
40.758
 20
134.548
 10
40.6531
 20
134.514
 10
40.5467
 20
134.484
 10
40.439
 20
134.46
 10
40.3301
 20
134.441
 10
40.2205
 20
134.428
 10
40.1104
 20
134.419
 10
40
 20
134.417
  0
LWPOLYLINE
100
AcDbEntity
  8
0
100
AcDbPolyline
 90
128
 70
1
 10
144.89
 20
134.419
 10
144.779
 20
134.428
 10
144.67
 20
134.441
 10
144.561
 20
134.46
 10
144.453
 20
134.484
 10
144.347
 20
134.514
 10
144.242
 20
134.548
 10
144.139
 20
134.588
 10
144.038
 20
134.633
 10
143.939
 20
134.682
 10
143.843
 20
134.737
 10
143.75
 20
134.796
 10
143.66
 20
134.859
 10
143.573
 20
134.927
 10
143.489
 20
135
 10
143.409
 20
135.076
 10
143.333
 20
135.156
 10
143.261
 20
135.239
 10
143.193
 20
135.326
 10
143.129
 20
135.417
 10
143.07
 20
135.51
 10
143.016
 20
135.606
 10
142.966
 20
135.705
 10
142.921
 20
135.806
 10
142.882
 20
135.909
 10
142.847
 20
136.014
 10
142.817
 20
136.12
 10
142.793
 20
136.228
 10
142.774
 20
136.337
 10
142.761
 20
136.446
 10
142.753
 20
136.556
 10
142.75
 20
136.667
 10
142.753
 20
136.777
 10
142.761
 20
136.887
 10
142.774
 20
136.997
 10
142.793
 20
137.106
 10
142.817
 20
137.213
 10
142.847
 20
137.32
 10
142.882
 20
137.425
 10
142.921
 20
137.528
 10
142.966
 20
137.629
 10
143.016
 20
137.727
 10
143.07
 20
137.823
 10
143.129
 20
137.917
 10
143.193
 20
138.007
 10
143.261
 20
138.094
 10
143.333
 20
138.178
 10
143.409
 20
138.258
 10
143.489
 20
138.334
 10
143.573
 20
138.406
 10
143.66
 20
138.474
 10
143.75
 20
138.537
 10
143.843
 20
138.597
 10
143.939
 20
138.651
 10
144.038
 20
138.701
 10
144.139
 20
138.745
 10
144.242
 20
138.785
 10
144.347
 20
138.82
 10
144.453
 20
138.849
 10
144.561
 20
138.873
 10
144.67
 20
138.892
 10
144.779
 20
138.906
 10
144.89
 20
138.914
 10
145
 20
138.917
 10
145.11
 20
138.914
 10
145.221
 20
138.906
 10
145.33
 20
138.892
 10
145.439
 20
138.873
 10
145.547
 20
138.849
 10
145.653
 20
138.82
 10
145.758
 20
138.785
 10
145.861
 20
138.745
 10
145.962
 20
138.701
 10
146.061
 20
138.651
 10
146.157
 20
138.597
 10
146.25
 20
138.537
 10
146.34
 20
138.474
 10
146.427
 20
138.406
 10
146.511
 20
138.334
 10
146.591
 20
138.258
 10
146.667
 20
138.178
 10
146.739
 20
138.094
 10
146.807
 20
138.007
 10
146.871
 20
137.917
 10
146.93
 20
137.823
 10
146.984
 20
137.727
 10
147.034
 20
137.629
 10
147.079
 20
137.528
 10
147.118
 20
137.425
 10
147.153
 20
137.32
 10
147.183
 20
137.213
 10
147.207
 20
137.106
 10
147.226
 20
136.997
 10
147.239
 20
136.887
 10
147.247
 20
136.777
 10
147.25
 20
136.667
 10
147.247
 20
136.556
 10
147.239
 20
136.446
 10
147.226
 20
136.337
 10
147.207
 20
136.228
 10
147.183
 20
136.12
 10
147.153
 20
136.014
 10
147.118
 20
135.909
 10
147.079
 20
135.806
 10
147.034
 20
135.705
 10
146.984
 20
135.606
 10
146.93
 20
135.51
 10
146.871
 20
135.417
 10
146.807
 20
135.326
 10
146.739
 20
135.239
 10
146.667
 20
135.156
 10
146.591
 20
135.076
 10
146.511
 20
135
 10
146.427
 20
134.927
 10
146.34
 20
134.859
 10
146.25
 20
134.796
 10
146.157
 20
134.737
 10
146.061
 20
134.682
 10
145.962
 20
134.633
 10
145.861
 20
134.588
 10
145.758
 20
134.548
 10
145.653
 20
134.514
 10
145.547
 20
134.484
 10
145.439
 20
134.46
 10
145.33
 20
134.441
 10
145.221
 20
134.428
 10
145.11
 20
134.419
 10
145
 20
134.417
  0
LWPOLYLINE
100
AcDbEntity
  8
0
100
AcDbPolyline
 90
4
 70
1
 10
22
 20
73.125
 10
26
 20
73.125
 10
26
 20
53.125
 10
22
 20
53.125
  0
LWPOLYLINE
100
AcDbEntity
  8
0
100
AcDbPolyline
 90
4
 70
1
 10
159
 20
73.125
 10
163
 20
73.125
 10
163
 20
53.125
 10
159
 20
53.125
  0
LWPOLYLINE
100
AcDbEntity
  8
0
100
AcDbPolyline
 90
128
 70
1
 10
31.1028
 20
30.7536
 10
30.9559
 20
30.7644
 10
30.8098
 20
30.7825
 10
30.6647
 20
30.8076
 10
30.5211
 20
30.8399
 10
30.3791
 20
30.8792
 10
30.2393
 20
30.9254
 10
30.1019
 20
30.9784
 10
29.9673
 20
31.038
 10
29.8358
 20
31.1042
 10
29.7077
 20
31.1768
 10
29.5833
 20
31.2556
 10
29.4629
 20
31.3404
 10
29.3468
 20
31.431
 10
29.2353
 20
31.5271
 10
29.1287
 20
31.6287
 10
29.0271
 20
31.7353
 10
28.931
 20
31.8468
 10
28.8404
 20
31.9629
 10
28.7556
 20
32.0833
 10
28.6768
 20
32.2077
 10
28.6042
 20
32.3358
 10
28.538
 20
32.4673
 10
28.4784
 20
32.6019
 10
28.4254
 20
32.7393
 10
28.3792
 20
32.8791
 10
28.3399
 20
33.0211
 10
28.3076
 20
33.1647
 10
28.2825
 20
33.3098
 10
28.2644
 20
33.4559
 10
28.2536
 20
33.6028
 10
28.25
 20
33.75
 10
28.2536
 20
33.8972
 10
28.2644
 20
34.0441
 10
28.2825
 20
34.1902
 10
28.3076
 20
34.3353
 10
28.3399
 20
34.4789
 10
28.3792
 20
34.6209
 10
28.4254
 20
34.7607
 10
28.4784
 20
34.8981
 10
28.538
 20
35.0327
 10
28.6042
 20
35.1642
 10
28.6768
 20
35.2923
 10
28.7556
 20
35.4167
 10
28.8404
 20
35.5371
 10
28.931
 20
35.6532
 10
29.0271
 20
35.7647
 10
29.1287
 20
35.8713
 10
29.2353
 20
35.9729
 10
29.3468
 20
36.069
 10
29.4629
 20
36.1596
 10
29.5833
 20
36.2444
 10
29.7077
 20
36.3232
 10
29.8358
 20
36.3958
 10
29.9673
 20
36.462
 10
30.1019
 20
36.5216
 10
30.2393
 20
36.5746
 10
30.3791
 20
36.6208
 10
30.5211
 20
36.6601
 10
30.6647
 20
36.6924
 10
30.8098
 20
36.7175
 10
30.9559
 20
36.7356
 10
31.1028
 20
36.7464
 10
31.25
 20
36.75
 10
31.3972
 20
36.7464
 10
31.5441
 20
36.7356
 10
31.6902
 20
36.7175
 10
31.8353
 20
36.6924
 10
31.9789
 20
36.6601
 10
32.1209
 20
36.6208
 10
32.2607
 20
36.5746
 10
32.3981
 20
36.5216
 10
32.5327
 20
36.462
 10
32.6642
 20
36.3958
 10
32.7923
 20
36.3232
 10
32.9167
 20
36.2444
 10
33.0371
 20
36.1596
 10
33.1532
 20
36.069
 10
33.2647
 20
35.9729
 10
33.3713
 20
35.8713
 10
33.4729
 20
35.7647
 10
33.569
 20
35.6532
 10
33.6596
 20
35.5371
 10
33.7444
 20
35.4167
 10
33.8232
 20
35.2923
 10
33.8958
 20
35.1642
 10
33.962
 20
35.0327
 10
34.0216
 20
34.8981
 10
34.0746
 20
34.7607
 10
34.1208
 20
34.6209
 10
34.1601
 20
34.4789
 10
34.1924
 20
34.3353
 10
34.2175
 20
34.1902
 10
34.2356
 20
34.0441
 10
34.2464
 20
33.8972
 10
34.25
 20
33.75
 10
34.2464
 20
33.6028
 10
34.2356
 20
33.4559
 10
34.2175
 20
33.3098
 10
34.1924
 20
33.1647
 10
34.1601
 20
33.0211
 10
34.1208
 20
32.8791
 10
34.0746
 20
32.7393
 10
34.0216
 20
32.6019
 10
33.962
 20
32.4673
 10
33.8958
 20
32.3358
 10
33.8232
 20
32.2077
 10
33.7444
 20
32.0833
 10
33.6596
 20
31.9629
 10
33.569
 20
31.8468
 10
33.4729
 20
31.7353
 10
33.3713
 20
31.6287
 10
33.2647
 20
31.5271
 10
33.1532
 20
31.431
 10
33.0371
 20
31.3404
 10
32.9167
 20
31.2556
 10
32.7923
 20
31.1768
 10
32.6642
 20
31.1042
 10
32.5327
 20
31.038
 10
32.3981
 20
30.9784
 10
32.2607
 20
30.9254
 10
32.1209
 20
30.8792
 10
31.9789
 20
30.8399
 10
31.8353
 20
30.8076
 10
31.6902
 20
30.7825
 10
31.5441
 20
30.7644
 10
31.3972
 20
30.7536
 10
31.25
 20
30.75
  0
LWPOLYLINE
100
AcDbEntity
  8
0
100
AcDbPolyline
 90
128
 70
1
 10
153.603
 20
30.7536
 10
153.456
 20
30.7644
 10
153.31
 20
30.7825
 10
153.165
 20
30.8076
 10
153.021
 20
30.8399
 10
152.879
 20
30.8792
 10
152.739
 20
30.9254
 10
152.602
 20
30.9784
 10
152.467
 20
31.038
 10
152.336
 20
31.1042
 10
152.208
 20
31.1768
 10
152.083
 20
31.2556
 10
151.963
 20
31.3404
 10
151.847
 20
31.431
 10
151.735
 20
31.5271
 10
151.629
 20
31.6287
 10
151.527
 20
31.7353
 10
151.431
 20
31.8468
 10
151.34
 20
31.9629
 10
151.256
 20
32.0833
 10
151.177
 20
32.2077
 10
151.104
 20
32.3358
 10
151.038
 20
32.4673
 10
150.978
 20
32.6019
 10
150.925
 20
32.7393
 10
150.879
 20
32.8791
 10
150.84
 20
33.0211
 10
150.808
 20
33.1647
 10
150.782
 20
33.3098
 10
150.764
 20
33.4559
 10
150.754
 20
33.6028
 10
150.75
 20
33.75
 10
150.754
 20
33.8972
 10
150.764
 20
34.0441
 10
150.782
 20
34.1902
 10
150.808
 20
34.3353
 10
150.84
 20
34.4789
 10
150.879
 20
34.6209
 10
150.925
 20
34.7607
 10
150.978
 20
34.8981
 10
151.038
 20
35.0327
 10
151.104
 20
35.1642
 10
151.177
 20
35.2923
 10
151.256
 20
35.4167
 10
151.34
 20
35.5371
 10
151.431
 20
35.6532
 10
151.527
 20
35.7647
 10
151.629
 20
35.8713
 10
151.735
 20
35.9729
 10
151.847
 20
36.069
 10
151.963
 20
36.1596
 10
152.083
 20
36.2444
 10
152.208
 20
36.3232
 10
152.336
 20
36.3958
 10
152.467
 20
36.462
 10
152.602
 20
36.5216
 10
152.739
 20
36.5746
 10
152.879
 20
36.6208
 10
153.021
 20
36.6601
 10
153.165
 20
36.6924
 10
153.31
 20
36.7175
 10
153.456
 20
36.7356
 10
153.603
 20
36.7464
 10
153.75
 20
36.75
 10
153.897
 20
36.7464
 10
154.044
 20
36.7356
 10
154.19
 20
36.7175
 10
154.335
 20
36.6924
 10
154.479
 20
36.6601
 10
154.621
 20
36.6208
 10
154.761
 20
36.5746
 10
154.898
 20
36.5216
 10
155.033
 20
36.462
 10
155.164
 20
36.3958
 10
155.292
 20
36.3232
 10
155.417
 20
36.2444
 10
155.537
 20
36.1596
 10
155.653
 20
36.069
 10
155.765
 20
35.9729
 10
155.871
 20
35.8713
 10
155.973
 20
35.7647
 10
156.069
 20
35.6532
 10
156.16
 20
35.5371
 10
156.244
 20
35.4167
 10
156.323
 20
35.2923
 10
156.396
 20
35.1642
 10
156.462
 20
35.0327
 10
156.522
 20
34.8981
 10
156.575
 20
34.7607
 10
156.621
 20
34.6209
 10
156.66
 20
34.4789
 10
156.692
 20
34.3353
 10
156.718
 20
34.1902
 10
156.736
 20
34.0441
 10
156.746
 20
33.8972
 10
156.75
 20
33.75
 10
156.746
 20
33.6028
 10
156.736
 20
33.4559
 10
156.718
 20
33.3098
 10
156.692
 20
33.1647
 10
156.66
 20
33.0211
 10
156.621
 20
32.8791
 10
156.575
 20
32.7393
 10
156.522
 20
32.6019
 10
156.462
 20
32.4673
 10
156.396
 20
32.3358
 10
156.323
 20
32.2077
 10
156.244
 20
32.0833
 10
156.16
 20
31.9629
 10
156.069
 20
31.8468
 10
155.973
 20
31.7353
 10
155.871
 20
31.6287
 10
155.765
 20
31.5271
 10
155.653
 20
31.431
 10
155.537
 20
31.3404
 10
155.417
 20
31.2556
 10
155.292
 20
31.1768
 10
155.164
 20
31.1042
 10
155.033
 20
31.038
 10
154.898
 20
30.9784
 10
154.761
 20
30.9254
 10
154.621
 20
30.8792
 10
154.479
 20
30.8399
 10
154.335
 20
30.8076
 10
154.19
 20
30.7825
 10
154.044
 20
30.7644
 10
153.897
 20
30.7536
 10
153.75
 20
30.75
  0
LWPOLYLINE
100
AcDbEntity
  8
0
100
AcDbPolyline
 90
128
 70
1
 10
39.8896
 20
29.4194
 10
39.7795
 20
29.4275
 10
39.6699
 20
29.441
 10
39.561
 20
29.4599
 10
39.4533
 20
29.4841
 10
39.3469
 20
29.5136
 10
39.242
 20
29.5482
 10
39.139
 20
29.5879
 10
39.038
 20
29.6327
 10
38.9394
 20
29.6823
 10
38.8433
 20
29.7368
 10
38.75
 20
29.7959
 10
38.6597
 20
29.8594
 10
38.5726
 20
29.9274
 10
38.489
 20
29.9995
 10
38.409
 20
30.0757
 10
38.3329
 20
30.1557
 10
38.2607
 20
30.2393
 10
38.1928
 20
30.3263
 10
38.1292
 20
30.4166
 10
38.0701
 20
30.5099
 10
38.0157
 20
30.606
 10
37.966
 20
30.7047
 10
37.9213
 20
30.8056
 10
37.8815
 20
30.9087
 10
37.8469
 20
31.0135
 10
37.8174
 20
31.12
 10
37.7932
 20
31.2277
 10
37.7744
 20
31.3365
 10
37.7608
 20
31.4461
 10
37.7527
 20
31.5563
 10
37.75
 20
31.6667
 10
37.7527
 20
31.7771
 10
37.7608
 20
31.8872
 10
37.7744
 20
31.9968
 10
37.7932
 20
32.1056
 10
37.8174
 20
32.2134
 10
37.8469
 20
32.3198
 10
37.8815
 20
32.4247
 10
37.9213
 20
32.5277
 10
37.966
 20
32.6287
 10
38.0157
 20
32.7273
 10
38.0701
 20
32.8234
 10
38.1292
 20
32.9167
 10
38.1928
 20
33.007
 10
38.2607
 20
33.0941
 10
38.3329
 20
33.1777
 10
38.409
 20
33.2577
 10
38.489
 20
33.3338
 10
38.5726
 20
33.4059
 10
38.6597
 20
33.4739
 10
38.75
 20
33.5375
 10
38.8433
 20
33.5966
 10
38.9394
 20
33.651
 10
39.038
 20
33.7006
 10
39.139
 20
33.7454
 10
39.242
 20
33.7851
 10
39.3469
 20
33.8198
 10
39.4533
 20
33.8492
 10
39.561
 20
33.8734
 10
39.6699
 20
33.8923
 10
39.7795
 20
33.9058
 10
39.8896
 20
33.914
 10
40
 20
33.9167
 10
40.1104
 20
33.914
 10
40.2205
 20
33.9058
 10
40.3301
 20
33.8923
 10
40.439
 20
33.8734
 10
40.5467
 20
33.8492
 10
40.6531
 20
33.8198
 10
40.758
 20
33.7851
 10
40.861
 20
33.7454
 10
40.962
 20
33.7006
 10
41.0606
 20
33.651
 10
41.1567
 20
33.5966
 10
41.25
 20
33.5375
 10
41.3403
 20
33.4739
 10
41.4274
 20
33.4059
 10
41.511
 20
33.3338
 10
41.591
 20
33.2577
 10
41.6671
 20
33.1777
 10
41.7393
 20
33.0941
 10
41.8072
 20
33.007
 10
41.8708
 20
32.9167
 10
41.9299
 20
32.8234
 10
41.9843
 20
32.7273
 10
42.034
 20
32.6287
 10
42.0787
 20
32.5277
 10
42.1185
 20
32.4247
 10
42.1531
 20
32.3198
 10
42.1826
 20
32.2134
 10
42.2068
 20
32.1056
 10
42.2256
 20
31.9968
 10
42.2392
 20
31.8872
 10
42.2473
 20
31.7771
 10
42.25
 20
31.6667
 10
42.2473
 20
31.5563
 10
42.2392
 20
31.4461
 10
42.2256
 20
31.3365
 10
42.2068
 20
31.2277
 10
42.1826
 20
31.12
 10
42.1531
 20
31.0135
 10
42.1185
 20
30.9087
 10
42.0787
 20
30.8056
 10
42.034
 20
30.7047
 10
41.9843
 20
30.606
 10
41.9299
 20
30.5099
 10
41.8708
 20
30.4166
 10
41.8072
 20
30.3263
 10
41.7393
 20
30.2393
 10
41.6671
 20
30.1557
 10
41.591
 20
30.0757
 10
41.511
 20
29.9995
 10
41.4274
 20
29.9274
 10
41.3403
 20
29.8594
 10
41.25
 20
29.7959
 10
41.1567
 20
29.7368
 10
41.0606
 20
29.6823
 10
40.962
 20
29.6327
 10
40.861
 20
29.5879
 10
40.758
 20
29.5482
 10
40.6531
 20
29.5136
 10
40.5467
 20
29.4841
 10
40.439
 20
29.4599
 10
40.3301
 20
29.441
 10
40.2205
 20
29.4275
 10
40.1104
 20
29.4194
 10
40
 20
29.4167
  0
LWPOLYLINE
100
AcDbEntity
  8
0
100
AcDbPolyline
 90
128
 70
1
 10
144.89
 20
29.4194
 10
144.779
 20
29.4275
 10
144.67
 20
29.441
 10
144.561
 20
29.4599
 10
144.453
 20
29.4841
 10
144.347
 20
29.5136
 10
144.242
 20
29.5482
 10
144.139
 20
29.5879
 10
144.038
 20
29.6327
 10
143.939
 20
29.6823
 10
143.843
 20
29.7368
 10
143.75
 20
29.7959
 10
143.66
 20
29.8594
 10
143.573
 20
29.9274
 10
143.489
 20
29.9995
 10
143.409
 20
30.0757
 10
143.333
 20
30.1557
 10
143.261
 20
30.2393
 10
143.193
 20
30.3263
 10
143.129
 20
30.4166
 10
143.07
 20
30.5099
 10
143.016
 20
30.606
 10
142.966
 20
30.7047
 10
142.921
 20
30.8056
 10
142.882
 20
30.9087
 10
142.847
 20
31.0135
 10
142.817
 20
31.12
 10
142.793
 20
31.2277
 10
142.774
 20
31.3365
 10
142.761
 20
31.4461
 10
142.753
 20
31.5563
 10
142.75
 20
31.6667
 10
142.753
 20
31.7771
 10
142.761
 20
31.8872
 10
142.774
 20
31.9968
 10
142.793
 20
32.1056
 10
142.817
 20
32.2134
 10
142.847
 20
32.3198
 10
142.882
 20
32.4247
 10
142.921
 20
32.5277
 10
142.966
 20
32.6287
 10
143.016
 20
32.7273
 10
143.07
 20
32.8234
 10
143.129
 20
32.9167
 10
143.193
 20
33.007
 10
143.261
 20
33.0941
 10
143.333
 20
33.1777
 10
143.409
 20
33.2577
 10
143.489
 20
33.3338
 10
143.573
 20
33.4059
 10
143.66
 20
33.4739
 10
143.75
 20
33.5375
 10
143.843
 20
33.5966
 10
143.939
 20
33.651
 10
144.038
 20
33.7006
 10
144.139
 20
33.7454
 10
144.242
 20
33.7851
 10
144.347
 20
33.8198
 10
144.453
 20
33.8492
 10
144.561
 20
33.8734
 10
144.67
 20
33.8923
 10
144.779
 20
33.9058
 10
144.89
 20
33.914
 10
145
 20
33.9167
 10
145.11
 20
33.914
 10
145.221
 20
33.9058
 10
145.33
 20
33.8923
 10
145.439
 20
33.8734
 10
145.547
 20
33.8492
 10
145.653
 20
33.8198
 10
145.758
 20
33.7851
 10
145.861
 20
33.7454
 10
145.962
 20
33.7006
 10
146.061
 20
33.651
 10
146.157
 20
33.5966
 10
146.25
 20
33.5375
 10
146.34
 20
33.4739
 10
146.427
 20
33.4059
 10
146.511
 20
33.3338
 10
146.591
 20
33.2577
 10
146.667
 20
33.1777
 10
146.739
 20
33.0941
 10
146.807
 20
33.007
 10
146.871
 20
32.9167
 10
146.93
 20
32.8234
 10
146.984
 20
32.7273
 10
147.034
 20
32.6287
 10
147.079
 20
32.5277
 10
147.118
 20
32.4247
 10
147.153
 20
32.3198
 10
147.183
 20
32.2134
 10
147.207
 20
32.1056
 10
147.226
 20
31.9968
 10
147.239
 20
31.8872
 10
147.247
 20
31.7771
 10
147.25
 20
31.6667
 10
147.247
 20
31.5563
 10
147.239
 20
31.4461
 10
147.226
 20
31.3365
 10
147.207
 20
31.2277
 10
147.183
 20
31.12
 10
147.153
 20
31.0135
 10
147.118
 20
30.9087
 10
147.079
 20
30.8056
 10
147.034
 20
30.7047
 10
146.984
 20
30.606
 10
146.93
 20
30.5099
 10
146.871
 20
30.4166
 10
146.807
 20
30.3263
 10
146.739
 20
30.2393
 10
146.667
 20
30.1557
 10
146.591
 20
30.0757
 10
146.511
 20
29.9995
 10
146.427
 20
29.9274
 10
146.34
 20
29.8594
 10
146.25
 20
29.7959
 10
146.157
 20
29.7368
 10
146.061
 20
29.6823
 10
145.962
 20
29.6327
 10
145.861
 20
29.5879
 10
145.758
 20
29.5482
 10
145.653
 20
29.5136
 10
145.547
 20
29.4841
 10
145.439
 20
29.4599
 10
145.33
 20
29.441
 10
145.221
 20
29.4275
 10
145.11
 20
29.4194
 10
145
 20
29.4167
  0
LWPOLYLINE
100
AcDbEntity
  8
0
100
AcDbPolyline
 90
128
 70
1
 10
31.1028
 20
8.75361
 10
30.9559
 20
8.76445
 10
30.8098
 20
8.78247
 10
30.6647
 20
8.80764
 10
30.5211
 20
8.83991
 10
30.3791
 20
8.87918
 10
30.2393
 20
8.92537
 10
30.1019
 20
8.97836
 10
29.9673
 20
9.03803
 10
29.8358
 20
9.10424
 10
29.7077
 20
9.17681
 10
29.5833
 20
9.25559
 10
29.4629
 20
9.34038
 10
29.3468
 20
9.43097
 10
29.2353
 20
9.52715
 10
29.1287
 20
9.62868
 10
29.0271
 20
9.73532
 10
28.931
 20
9.84682
 10
28.8404
 20
9.9629
 10
28.7556
 20
10.0833
 10
28.6768
 20
10.2077
 10
28.6042
 20
10.3358
 10
28.538
 20
10.4673
 10
28.4784
 20
10.6019
 10
28.4254
 20
10.7393
 10
28.3792
 20
10.8791
 10
28.3399
 20
11.0211
 10
28.3076
 20
11.1647
 10
28.2825
 20
11.3098
 10
28.2644
 20
11.4559
 10
28.2536
 20
11.6028
 10
28.25
 20
11.75
 10
28.2536
 20
11.8972
 10
28.2644
 20
12.0441
 10
28.2825
 20
12.1902
 10
28.3076
 20
12.3353
 10
28.3399
 20
12.4789
 10
28.3792
 20
12.6209
 10
28.4254
 20
12.7607
 10
28.4784
 20
12.8981
 10
28.538
 20
13.0327
 10
28.6042
 20
13.1642
 10
28.6768
 20
13.2923
 10
28.7556
 20
13.4167
 10
28.8404
 20
13.5371
 10
28.931
 20
13.6532
 10
29.0271
 20
13.7647
 10
29.1287
 20
13.8713
 10
29.2353
 20
13.9729
 10
29.3468
 20
14.069
 10
29.4629
 20
14.1596
 10
29.5833
 20
14.2444
 10
29.7077
 20
14.3232
 10
29.8358
 20
14.3958
 10
29.9673
 20
14.462
 10
30.1019
 20
14.5216
 10
30.2393
 20
14.5746
 10
30.3791
 20
14.6208
 10
30.5211
 20
14.6601
 10
30.6647
 20
14.6924
 10
30.8098
 20
14.7175
 10
30.9559
 20
14.7356
 10
31.1028
 20
14.7464
 10
31.25
 20
14.75
 10
31.3972
 20
14.7464
 10
31.5441
 20
14.7356
 10
31.6902
 20
14.7175
 10
31.8353
 20
14.6924
 10
31.9789
 20
14.6601
 10
32.1209
 20
14.6208
 10
32.2607
 20
14.5746
 10
32.3981
 20
14.5216
 10
32.5327
 20
14.462
 10
32.6642
 20
14.3958
 10
32.7923
 20
14.3232
 10
32.9167
 20
14.2444
 10
33.0371
 20
14.1596
 10
33.1532
 20
14.069
 10
33.2647
 20
13.9729
 10
33.3713
 20
13.8713
 10
33.4729
 20
13.7647
 10
33.569
 20
13.6532
 10
33.6596
 20
13.5371
 10
33.7444
 20
13.4167
 10
33.8232
 20
13.2923
 10
33.8958
 20
13.1642
 10
33.962
 20
13.0327
 10
34.0216
 20
12.8981
 10
34.0746
 20
12.7607
 10
34.1208
 20
12.6209
 10
34.1601
 20
12.4789
 10
34.1924
 20
12.3353
 10
34.2175
 20
12.1902
 10
34.2356
 20
12.0441
 10
34.2464
 20
11.8972
 10
34.25
 20
11.75
 10
34.2464
 20
11.6028
 10
34.2356
 20
11.4559
 10
34.2175
 20
11.3098
 10
34.1924
 20
11.1647
 10
34.1601
 20
11.0211
 10
34.1208
 20
10.8791
 10
34.0746
 20
10.7393
 10
34.0216
 20
10.6019
 10
33.962
 20
10.4673
 10
33.8958
 20
10.3358
 10
33.8232
 20
10.2077
 10
33.7444
 20
10.0833
 10
33.6596
 20
9.9629
 10
33.569
 20
9.84682
 10
33.4729
 20
9.73532
 10
33.3713
 20
9.62868
 10
33.2647
 20
9.52715
 10
33.1532
 20
9.43097
 10
33.0371
 20
9.34038
 10
32.9167
 20
9.25559
 10
32.7923
 20
9.17681
 10
32.6642
 20
9.10424
 10
32.5327
 20
9.03803
 10
32.3981
 20
8.97836
 10
32.2607
 20
8.92537
 10
32.1209
 20
8.87918
 10
31.9789
 20
8.83991
 10
31.8353
 20
8.80764
 10
31.6902
 20
8.78247
 10
31.5441
 20
8.76445
 10
31.3972
 20
8.75361
 10
31.25
 20
8.75
  0
LWPOLYLINE
100
AcDbEntity
  8
0
100
AcDbPolyline
 90
128
 70
1
 10
153.603
 20
8.75361
 10
153.456
 20
8.76445
 10
153.31
 20
8.78247
 10
153.165
 20
8.80764
 10
153.021
 20
8.83991
 10
152.879
 20
8.87918
 10
152.739
 20
8.92537
 10
152.602
 20
8.97836
 10
152.467
 20
9.03803
 10
152.336
 20
9.10424
 10
152.208
 20
9.17681
 10
152.083
 20
9.25559
 10
151.963
 20
9.34038
 10
151.847
 20
9.43097
 10
151.735
 20
9.52715
 10
151.629
 20
9.62868
 10
151.527
 20
9.73532
 10
151.431
 20
9.84682
 10
151.34
 20
9.9629
 10
151.256
 20
10.0833
 10
151.177
 20
10.2077
 10
151.104
 20
10.3358
 10
151.038
 20
10.4673
 10
150.978
 20
10.6019
 10
150.925
 20
10.7393
 10
150.879
 20
10.8791
 10
150.84
 20
11.0211
 10
150.808
 20
11.1647
 10
150.782
 20
11.3098
 10
150.764
 20
11.4559
 10
150.754
 20
11.6028
 10
150.75
 20
11.75
 10
150.754
 20
11.8972
 10
150.764
 20
12.0441
 10
150.782
 20
12.1902
 10
150.808
 20
12.3353
 10
150.84
 20
12.4789
 10
150.879
 20
12.6209
 10
150.925
 20
12.7607
 10
150.978
 20
12.8981
 10
151.038
 20
13.0327
 10
151.104
 20
13.1642
 10
151.177
 20
13.2923
 10
151.256
 20
13.4167
 10
151.34
 20
13.5371
 10
151.431
 20
13.6532
 10
151.527
 20
13.7647
 10
151.629
 20
13.8713
 10
151.735
 20
13.9729
 10
151.847
 20
14.069
 10
151.963
 20
14.1596
 10
152.083
 20
14.2444
 10
152.208
 20
14.3232
 10
152.336
 20
14.3958
 10
152.467
 20
14.462
 10
152.602
 20
14.5216
 10
152.739
 20
14.5746
 10
152.879
 20
14.6208
 10
153.021
 20
14.6601
 10
153.165
 20
14.6924
 10
153.31
 20
14.7175
 10
153.456
 20
14.7356
 10
153.603
 20
14.7464
 10
153.75
 20
14.75
 10
153.897
 20
14.7464
 10
154.044
 20
14.7356
 10
154.19
 20
14.7175
 10
154.335
 20
14.6924
 10
154.479
 20
14.6601
 10
154.621
 20
14.6208
 10
154.761
 20
14.5746
 10
154.898
 20
14.5216
 10
155.033
 20
14.462
 10
155.164
 20
14.3958
 10
155.292
 20
14.3232
 10
155.417
 20
14.2444
 10
155.537
 20
14.1596
 10
155.653
 20
14.069
 10
155.765
 20
13.9729
 10
155.871
 20
13.8713
 10
155.973
 20
13.7647
 10
156.069
 20
13.6532
 10
156.16
 20
13.5371
 10
156.244
 20
13.4167
 10
156.323
 20
13.2923
 10
156.396
 20
13.1642
 10
156.462
 20
13.0327
 10
156.522
 20
12.8981
 10
156.575
 20
12.7607
 10
156.621
 20
12.6209
 10
156.66
 20
12.4789
 10
156.692
 20
12.3353
 10
156.718
 20
12.1902
 10
156.736
 20
12.0441
 10
156.746
 20
11.8972
 10
156.75
 20
11.75
 10
156.746
 20
11.6028
 10
156.736
 20
11.4559
 10
156.718
 20
11.3098
 10
156.692
 20
11.1647
 10
156.66
 20
11.0211
 10
156.621
 20
10.8791
 10
156.575
 20
10.7393
 10
156.522
 20
10.6019
 10
156.462
 20
10.4673
 10
156.396
 20
10.3358
 10
156.323
 20
10.2077
 10
156.244
 20
10.0833
 10
156.16
 20
9.9629
 10
156.069
 20
9.84682
 10
155.973
 20
9.73532
 10
155.871
 20
9.62868
 10
155.765
 20
9.52715
 10
155.653
 20
9.43097
 10
155.537
 20
9.34038
 10
155.417
 20
9.25559
 10
155.292
 20
9.17681
 10
155.164
 20
9.10424
 10
155.033
 20
9.03803
 10
154.898
 20
8.97836
 10
154.761
 20
8.92537
 10
154.621
 20
8.87918
 10
154.479
 20
8.83991
 10
154.335
 20
8.80764
 10
154.19
 20
8.78247
 10
154.044
 20
8.76445
 10
153.897
 20
8.75361
 10
153.75
 20
8.75
  0
LWPOLYLINE
100
AcDbEntity
  8
0
100
AcDbPolyline
 90
16
 70
1
 10
296
 20
0
 10
342.25
 20
0
 10
342.25
 20
-4
 10
388.5
 20
-4
 10
388.5
 20
509
 10
342.25
 20
509
 10
342.25
 20
505
 10
296
 20
505
 10
296
 20
509
 10
249.75
 20
509
 10
249.75
 20
505
 10
203.5
 20
505
 10
203.5
 20
0
 10
249.75
 20
0
 10
249.75
 20
-4
 10
296
 20
-4
  0
LWPOLYLINE
100
AcDbEntity
  8
0
100
AcDbPolyline
 90
128
 70
1
 10
234.603
 20
490.254
 10
234.456
 20
490.264
 10
234.31
 20
490.282
 10
234.165
 20
490.308
 10
234.021
 20
490.34
 10
233.879
 20
490.379
 10
233.739
 20
490.425
 10
233.602
 20
490.478
 10
233.467
 20
490.538
 10
233.336
 20
490.604
 10
233.208
 20
490.677
 10
233.083
 20
490.756
 10
232.963
 20
490.84
 10
232.847
 20
490.931
 10
232.735
 20
491.027
 10
232.629
 20
491.129
 10
232.527
 20
491.235
 10
232.431
 20
491.347
 10
232.34
 20
491.463
 10
232.256
 20
491.583
 10
232.177
 20
491.708
 10
232.104
 20
491.836
 10
232.038
 20
491.967
 10
231.978
 20
492.102
 10
231.925
 20
492.239
 10
231.879
 20
492.379
 10
231.84
 20
492.521
 10
231.808
 20
492.665
 10
231.782
 20
492.81
 10
231.764
 20
492.956
 10
231.754
 20
493.103
 10
231.75
 20
493.25
 10
231.754
 20
493.397
 10
231.764
 20
493.544
 10
231.782
 20
493.69
 10
231.808
 20
493.835
 10
231.84
 20
493.979
 10
231.879
 20
494.121
 10
231.925
 20
494.261
 10
231.978
 20
494.398
 10
232.038
 20
494.533
 10
232.104
 20
494.664
 10
232.177
 20
494.792
 10
232.256
 20
494.917
 10
232.34
 20
495.037
 10
232.431
 20
495.153
 10
232.527
 20
495.265
 10
232.629
 20
495.371
 10
232.735
 20
495.473
 10
232.847
 20
495.569
 10
232.963
 20
495.66
 10
233.083
 20
495.744
 10
233.208
 20
495.823
 10
233.336
 20
495.896
 10
233.467
 20
495.962
 10
233.602
 20
496.022
 10
233.739
 20
496.075
 10
233.879
 20
496.121
 10
234.021
 20
496.16
 10
234.165
 20
496.192
 10
234.31
 20
496.218
 10
234.456
 20
496.236
 10
234.603
 20
496.246
 10
234.75
 20
496.25
 10
234.897
 20
496.246
 10
235.044
 20
496.236
 10
235.19
 20
496.218
 10
235.335
 20
496.192
 10
235.479
 20
496.16
 10
235.621
 20
496.121
 10
235.761
 20
496.075
 10
235.898
 20
496.022
 10
236.033
 20
495.962
 10
236.164
 20
495.896
 10
236.292
 20
495.823
 10
236.417
 20
495.744
 10
236.537
 20
495.66
 10
236.653
 20
495.569
 10
236.765
 20
495.473
 10
236.871
 20
495.371
 10
236.973
 20
495.265
 10
237.069
 20
495.153
 10
237.16
 20
495.037
 10
237.244
 20
494.917
 10
237.323
 20
494.792
 10
237.396
 20
494.664
 10
237.462
 20
494.533
 10
237.522
 20
494.398
 10
237.575
 20
494.261
 10
237.621
 20
494.121
 10
237.66
 20
493.979
 10
237.692
 20
493.835
 10
237.718
 20
493.69
 10
237.736
 20
493.544
 10
237.746
 20
493.397
 10
237.75
 20
493.25
 10
237.746
 20
493.103
 10
237.736
 20
492.956
 10
237.718
 20
492.81
 10
237.692
 20
492.665
 10
237.66
 20
492.521
 10
237.621
 20
492.379
 10
237.575
 20
492.239
 10
237.522
 20
492.102
 10
237.462
 20
491.967
 10
237.396
 20
491.836
 10
237.323
 20
491.708
 10
237.244
 20
491.583
 10
237.16
 20
491.463
 10
237.069
 20
491.347
 10
236.973
 20
491.235
 10
236.871
 20
491.129
 10
236.765
 20
491.027
 10
236.653
 20
490.931
 10
236.537
 20
490.84
 10
236.417
 20
490.756
 10
236.292
 20
490.677
 10
236.164
 20
490.604
 10
236.033
 20
490.538
 10
235.898
 20
490.478
 10
235.761
 20
490.425
 10
235.621
 20
490.379
 10
235.479
 20
490.34
 10
235.335
 20
490.308
 10
235.19
 20
490.282
 10
235.044
 20
490.264
 10
234.897
 20
490.254
 10
234.75
 20
490.25
  0
LWPOLYLINE
100
AcDbEntity
  8
0
100
AcDbPolyline
 90
128
 70
1
 10
357.103
 20
490.254
 10
356.956
 20
490.264
 10
356.81
 20
490.282
 10
356.665
 20
490.308
 10
356.521
 20
490.34
 10
356.379
 20
490.379
 10
356.239
 20
490.425
 10
356.102
 20
490.478
 10
355.967
 20
490.538
 10
355.836
 20
490.604
 10
355.708
 20
490.677
 10
355.583
 20
490.756
 10
355.463
 20
490.84
 10
355.347
 20
490.931
 10
355.235
 20
491.027
 10
355.129
 20
491.129
 10
355.027
 20
491.235
 10
354.931
 20
491.347
 10
354.84
 20
491.463
 10
354.756
 20
491.583
 10
354.677
 20
491.708
 10
354.604
 20
491.836
 10
354.538
 20
491.967
 10
354.478
 20
492.102
 10
354.425
 20
492.239
 10
354.379
 20
492.379
 10
354.34
 20
492.521
 10
354.308
 20
492.665
 10
354.282
 20
492.81
 10
354.264
 20
492.956
 10
354.254
 20
493.103
 10
354.25
 20
493.25
 10
354.254
 20
493.397
 10
354.264
 20
493.544
 10
354.282
 20
493.69
 10
354.308
 20
493.835
 10
354.34
 20
493.979
 10
354.379
 20
494.121
 10
354.425
 20
494.261
 10
354.478
 20
494.398
 10
354.538
 20
494.533
 10
354.604
 20
494.664
 10
354.677
 20
494.792
 10
354.756
 20
494.917
 10
354.84
 20
495.037
 10
354.931
 20
495.153
 10
355.027
 20
495.265
 10
355.129
 20
495.371
 10
355.235
 20
495.473
 10
355.347
 20
495.569
 10
355.463
 20
495.66
 10
355.583
 20
495.744
 10
355.708
 20
495.823
 10
355.836
 20
495.896
 10
355.967
 20
495.962
 10
356.102
 20
496.022
 10
356.239
 20
496.075
 10
356.379
 20
496.121
 10
356.521
 20
496.16
 10
356.665
 20
496.192
 10
356.81
 20
496.218
 10
356.956
 20
496.236
 10
357.103
 20
496.246
 10
357.25
 20
496.25
 10
357.397
 20
496.246
 10
357.544
 20
496.236
 10
357.69
 20
496.218
 10
357.835
 20
496.192
 10
357.979
 20
496.16
 10
358.121
 20
496.121
 10
358.261
 20
496.075
 10
358.398
 20
496.022
 10
358.533
 20
495.962
 10
358.664
 20
495.896
 10
358.792
 20
495.823
 10
358.917
 20
495.744
 10
359.037
 20
495.66
 10
359.153
 20
495.569
 10
359.265
 20
495.473
 10
359.371
 20
495.371
 10
359.473
 20
495.265
 10
359.569
 20
495.153
 10
359.66
 20
495.037
 10
359.744
 20
494.917
 10
359.823
 20
494.792
 10
359.896
 20
494.664
 10
359.962
 20
494.533
 10
360.022
 20
494.398
 10
360.075
 20
494.261
 10
360.121
 20
494.121
 10
360.16
 20
493.979
 10
360.192
 20
493.835
 10
360.218
 20
493.69
 10
360.236
 20
493.544
 10
360.246
 20
493.397
 10
360.25
 20
493.25
 10
360.246
 20
493.103
 10
360.236
 20
492.956
 10
360.218
 20
492.81
 10
360.192
 20
492.665
 10
360.16
 20
492.521
 10
360.121
 20
492.379
 10
360.075
 20
492.239
 10
360.022
 20
492.102
 10
359.962
 20
491.967
 10
359.896
 20
491.836
 10
359.823
 20
491.708
 10
359.744
 20
491.583
 10
359.66
 20
491.463
 10
359.569
 20
491.347
 10
359.473
 20
491.235
 10
359.371
 20
491.129
 10
359.265
 20
491.027
 10
359.153
 20
490.931
 10
359.037
 20
490.84
 10
358.917
 20
490.756
 10
358.792
 20
490.677
 10
358.664
 20
490.604
 10
358.533
 20
490.538
 10
358.398
 20
490.478
 10
358.261
 20
490.425
 10
358.121
 20
490.379
 10
357.979
 20
490.34
 10
357.835
 20
490.308
 10
357.69
 20
490.282
 10
357.544
 20
490.264
 10
357.397
 20
490.254
 10
357.25
 20
490.25
  0
LWPOLYLINE
100
AcDbEntity
  8
0
100
AcDbPolyline
 90
128
 70
1
 10
293.228
 20
364.401
 10
290.462
 20
364.605
 10
287.71
 20
364.945
 10
284.977
 20
365.419
 10
282.272
 20
366.027
 10
279.599
 20
366.766
 10
276.966
 20
367.636
 10
274.378
 20
368.634
 10
271.843
 20
369.758
 10
269.366
 20
371.005
 10
266.953
 20
372.372
 10
264.61
 20
373.855
 10
262.343
 20
375.452
 10
260.157
 20
377.158
 10
258.057
 20
378.97
 10
256.048
 20
380.882
 10
254.136
 20
382.89
 10
252.325
 20
384.99
 10
250.619
 20
387.176
 10
249.022
 20
389.444
 10
247.538
 20
391.787
 10
246.171
 20
394.199
 10
244.925
 20
396.676
 10
243.801
 20
399.212
 10
242.803
 20
401.799
 10
241.933
 20
404.432
 10
241.193
 20
407.105
 10
240.586
 20
409.811
 10
240.112
 20
412.543
 10
239.772
 20
415.295
 10
239.568
 20
418.061
 10
239.5
 20
420.833
 10
239.568
 20
423.606
 10
239.772
 20
426.371
 10
240.112
 20
429.124
 10
240.586
 20
431.856
 10
241.193
 20
434.562
 10
241.933
 20
437.234
 10
242.803
 20
439.868
 10
243.801
 20
442.455
 10
244.925
 20
444.99
 10
246.171
 20
447.467
 10
247.538
 20
449.88
 10
249.022
 20
452.223
 10
250.619
 20
454.49
 10
252.325
 20
456.677
 10
254.136
 20
458.776
 10
256.048
 20
460.785
 10
258.057
 20
462.697
 10
260.157
 20
464.508
 10
262.343
 20
466.215
 10
264.61
 20
467.811
 10
266.953
 20
469.295
 10
269.366
 20
470.662
 10
271.843
 20
471.909
 10
274.378
 20
473.033
 10
276.966
 20
474.031
 10
279.599
 20
474.9
 10
282.272
 20
475.64
 10
284.977
 20
476.248
 10
287.71
 20
476.722
 10
290.462
 20
477.061
 10
293.228
 20
477.265
 10
296
 20
477.333
 10
298.772
 20
477.265
 10
301.538
 20
477.061
 10
304.29
 20
476.722
 10
307.023
 20
476.248
 10
309.728
 20
475.64
 10
312.401
 20
474.9
 10
315.034
 20
474.031
 10
317.622
 20
473.033
 10
320.157
 20
471.909
 10
322.634
 20
470.662
 10
325.047
 20
469.295
 10
327.39
 20
467.811
 10
329.657
 20
466.215
 10
331.843
 20
464.508
 10
333.943
 20
462.697
 10
335.952
 20
460.785
 10
337.864
 20
458.776
 10
339.675
 20
456.677
 10
341.381
 20
454.49
 10
342.978
 20
452.223
 10
344.462
 20
449.88
 10
345.829
 20
447.467
 10
347.075
 20
444.99
 10
348.199
 20
442.455
 10
349.197
 20
439.868
 10
350.067
 20
437.234
 10
350.807
 20
434.562
 10
351.414
 20
431.856
 10
351.888
 20
429.124
 10
352.228
 20
426.371
 10
352.432
 20
423.606
 10
352.5
 20
420.833
 10
352.432
 20
418.061
 10
352.228
 20
415.295
 10
351.888
 20
412.543
 10
351.414
 20
409.811
 10
350.807
 20
407.105
 10
350.067
 20
404.432
 10
349.197
 20
401.799
 10
348.199
 20
399.212
 10
347.075
 20
396.676
 10
345.829
 20
394.199
 10
344.462
 20
391.787
 10
342.978
 20
389.444
 10
341.381
 20
387.176
 10
339.675
 20
384.99
 10
337.864
 20
382.89
 10
335.952
 20
380.882
 10
333.943
 20
378.97
 10
331.843
 20
377.158
 10
329.657
 20
375.452
 10
327.39
 20
373.855
 10
325.047
 20
372.372
 10
322.634
 20
371.005
 10
320.157
 20
369.758
 10
317.622
 20
368.634
 10
315.034
 20
367.636
 10
312.401
 20
366.766
 10
309.728
 20
366.027
 10
307.023
 20
365.419
 10
304.29
 20
364.945
 10
301.538
 20
364.605
 10
298.772
 20
364.401
 10
296
 20
364.333
  0
LWPOLYLINE
100
AcDbEntity
  8
0
100
AcDbPolyline
 90
128
 70
1
 10
243.39
 20
471.086
 10
243.279
 20
471.094
 10
243.17
 20
471.108
 10
243.061
 20
471.127
 10
242.953
 20
471.151
 10
242.847
 20
471.18
 10
242.742
 20
471.215
 10
242.639
 20
471.255
 10
242.538
 20
471.299
 10
242.439
 20
471.349
 10
242.343
 20
471.403
 10
242.25
 20
471.463
 10
242.16
 20
471.526
 10
242.073
 20
471.594
 10
241.989
 20
471.666
 10
241.909
 20
471.742
 10
241.833
 20
471.822
 10
241.761
 20
471.906
 10
241.693
 20
471.993
 10
241.629
 20
472.083
 10
241.57
 20
472.177
 10
241.516
 20
472.273
 10
241.466
 20
472.371
 10
241.421
 20
472.472
 10
241.382
 20
472.575
 10
241.347
 20
472.68
 10
241.317
 20
472.787
 10
241.293
 20
472.894
 10
241.274
 20
473.003
 10
241.261
 20
473.113
 10
241.253
 20
473.223
 10
241.25
 20
473.333
 10
241.253
 20
473.444
 10
241.261
 20
473.554
 10
241.274
 20
473.663
 10
241.293
 20
473.772
 10
241.317
 20
473.88
 10
241.347
 20
473.986
 10
241.382
 20
474.091
 10
241.421
 20
474.194
 10
241.466
 20
474.295
 10
241.516
 20
474.394
 10
241.57
 20
474.49
 10
241.629
 20
474.583
 10
241.693
 20
474.674
 10
241.761
 20
474.761
 10
241.833
 20
474.844
 10
241.909
 20
474.924
 10
241.989
 20
475
 10
242.073
 20
475.073
 10
242.16
 20
475.141
 10
242.25
 20
475.204
 10
242.343
 20
475.263
 10
242.439
 20
475.318
 10
242.538
 20
475.367
 10
242.639
 20
475.412
 10
242.742
 20
475.452
 10
242.847
 20
475.486
 10
242.953
 20
475.516
 10
243.061
 20
475.54
 10
243.17
 20
475.559
 10
243.279
 20
475.572
 10
243.39
 20
475.581
 10
243.5
 20
475.583
 10
243.61
 20
475.581
 10
243.721
 20
475.572
 10
243.83
 20
475.559
 10
243.939
 20
475.54
 10
244.047
 20
475.516
 10
244.153
 20
475.486
 10
244.258
 20
475.452
 10
244.361
 20
475.412
 10
244.462
 20
475.367
 10
244.561
 20
475.318
 10
244.657
 20
475.263
 10
244.75
 20
475.204
 10
244.84
 20
475.141
 10
244.927
 20
475.073
 10
245.011
 20
475
 10
245.091
 20
474.924
 10
245.167
 20
474.844
 10
245.239
 20
474.761
 10
245.307
 20
474.674
 10
245.371
 20
474.583
 10
245.43
 20
474.49
 10
245.484
 20
474.394
 10
245.534
 20
474.295
 10
245.579
 20
474.194
 10
245.618
 20
474.091
 10
245.653
 20
473.986
 10
245.683
 20
473.88
 10
245.707
 20
473.772
 10
245.726
 20
473.663
 10
245.739
 20
473.554
 10
245.747
 20
473.444
 10
245.75
 20
473.333
 10
245.747
 20
473.223
 10
245.739
 20
473.113
 10
245.726
 20
473.003
 10
245.707
 20
472.894
 10
245.683
 20
472.787
 10
245.653
 20
472.68
 10
245.618
 20
472.575
 10
245.579
 20
472.472
 10
245.534
 20
472.371
 10
245.484
 20
472.273
 10
245.43
 20
472.177
 10
245.371
 20
472.083
 10
245.307
 20
471.993
 10
245.239
 20
471.906
 10
245.167
 20
471.822
 10
245.091
 20
471.742
 10
245.011
 20
471.666
 10
244.927
 20
471.594
 10
244.84
 20
471.526
 10
244.75
 20
471.463
 10
244.657
 20
471.403
 10
244.561
 20
471.349
 10
244.462
 20
471.299
 10
244.361
 20
471.255
 10
244.258
 20
471.215
 10
244.153
 20
471.18
 10
244.047
 20
471.151
 10
243.939
 20
471.127
 10
243.83
 20
471.108
 10
243.721
 20
471.094
 10
243.61
 20
471.086
 10
243.5
 20
471.083
  0
LWPOLYLINE
100
AcDbEntity
  8
0
100
AcDbPolyline
 90
128
 70
1
 10
348.39
 20
471.086
 10
348.279
 20
471.094
 10
348.17
 20
471.108
 10
348.061
 20
471.127
 10
347.953
 20
471.151
 10
347.847
 20
471.18
 10
347.742
 20
471.215
 10
347.639
 20
471.255
 10
347.538
 20
471.299
 10
347.439
 20
471.349
 10
347.343
 20
471.403
 10
347.25
 20
471.463
 10
347.16
 20
471.526
 10
347.073
 20
471.594
 10
346.989
 20
471.666
 10
346.909
 20
471.742
 10
346.833
 20
471.822
 10
346.761
 20
471.906
 10
346.693
 20
471.993
 10
346.629
 20
472.083
 10
346.57
 20
472.177
 10
346.516
 20
472.273
 10
346.466
 20
472.371
 10
346.421
 20
472.472
 10
346.382
 20
472.575
 10
346.347
 20
472.68
 10
346.317
 20
472.787
 10
346.293
 20
472.894
 10
346.274
 20
473.003
 10
346.261
 20
473.113
 10
346.253
 20
473.223
 10
346.25
 20
473.333
 10
346.253
 20
473.444
 10
346.261
 20
473.554
 10
346.274
 20
473.663
 10
346.293
 20
473.772
 10
346.317
 20
473.88
 10
346.347
 20
473.986
 10
346.382
 20
474.091
 10
346.421
 20
474.194
 10
346.466
 20
474.295
 10
346.516
 20
474.394
 10
346.57
 20
474.49
 10
346.629
 20
474.583
 10
346.693
 20
474.674
 10
346.761
 20
474.761
 10
346.833
 20
474.844
 10
346.909
 20
474.924
 10
346.989
 20
475
 10
347.073
 20
475.073
 10
347.16
 20
475.141
 10
347.25
 20
475.204
 10
347.343
 20
475.263
 10
347.439
 20
475.318
 10
347.538
 20
475.367
 10
347.639
 20
475.412
 10
347.742
 20
475.452
 10
347.847
 20
475.486
 10
347.953
 20
475.516
 10
348.061
 20
475.54
 10
348.17
 20
475.559
 10
348.279
 20
475.572
 10
348.39
 20
475.581
 10
348.5
 20
475.583
 10
348.61
 20
475.581
 10
348.721
 20
475.572
 10
348.83
 20
475.559
 10
348.939
 20
475.54
 10
349.047
 20
475.516
 10
349.153
 20
475.486
 10
349.258
 20
475.452
 10
349.361
 20
475.412
 10
349.462
 20
475.367
 10
349.561
 20
475.318
 10
349.657
 20
475.263
 10
349.75
 20
475.204
 10
349.84
 20
475.141
 10
349.927
 20
475.073
 10
350.011
 20
475
 10
350.091
 20
474.924
 10
350.167
 20
474.844
 10
350.239
 20
474.761
 10
350.307
 20
474.674
 10
350.371
 20
474.583
 10
350.43
 20
474.49
 10
350.484
 20
474.394
 10
350.534
 20
474.295
 10
350.579
 20
474.194
 10
350.618
 20
474.091
 10
350.653
 20
473.986
 10
350.683
 20
473.88
 10
350.707
 20
473.772
 10
350.726
 20
473.663
 10
350.739
 20
473.554
 10
350.747
 20
473.444
 10
350.75
 20
473.333
 10
350.747
 20
473.223
 10
350.739
 20
473.113
 10
350.726
 20
473.003
 10
350.707
 20
472.894
 10
350.683
 20
472.787
 10
350.653
 20
472.68
 10
350.618
 20
472.575
 10
350.579
 20
472.472
 10
350.534
 20
472.371
 10
350.484
 20
472.273
 10
350.43
 20
472.177
 10
350.371
 20
472.083
 10
350.307
 20
471.993
 10
350.239
 20
471.906
 10
350.167
 20
471.822
 10
350.091
 20
471.742
 10
350.011
 20
471.666
 10
349.927
 20
471.594
 10
349.84
 20
471.526
 10
349.75
 20
471.463
 10
349.657
 20
471.403
 10
349.561
 20
471.349
 10
349.462
 20
471.299
 10
349.361
 20
471.255
 10
349.258
 20
471.215
 10
349.153
 20
471.18
 10
349.047
 20
471.151
 10
348.939
 20
471.127
 10
348.83
 20
471.108
 10
348.721
 20
471.094
 10
348.61
 20
471.086
 10
348.5
 20
471.083
  0
LWPOLYLINE
100
AcDbEntity
  8
0
100
AcDbPolyline
 90
128
 70
1
 10
234.603
 20
468.254
 10
234.456
 20
468.264
 10
234.31
 20
468.282
 10
234.165
 20
468.308
 10
234.021
 20
468.34
 10
233.879
 20
468.379
 10
233.739
 20
468.425
 10
233.602
 20
468.478
 10
233.467
 20
468.538
 10
233.336
 20
468.604
 10
233.208
 20
468.677
 10
233.083
 20
468.756
 10
232.963
 20
468.84
 10
232.847
 20
468.931
 10
232.735
 20
469.027
 10
232.629
 20
469.129
 10
232.527
 20
469.235
 10
232.431
 20
469.347
 10
232.34
 20
469.463
 10
232.256
 20
469.583
 10
232.177
 20
469.708
 10
232.104
 20
469.836
 10
232.038
 20
469.967
 10
231.978
 20
470.102
 10
231.925
 20
470.239
 10
231.879
 20
470.379
 10
231.84
 20
470.521
 10
231.808
 20
470.665
 10
231.782
 20
470.81
 10
231.764
 20
470.956
 10
231.754
 20
471.103
 10
231.75
 20
471.25
 10
231.754
 20
471.397
 10
231.764
 20
471.544
 10
231.782
 20
471.69
 10
231.808
 20
471.835
 10
231.84
 20
471.979
 10
231.879
 20
472.121
 10
231.925
 20
472.261
 10
231.978
 20
472.398
 10
232.038
 20
472.533
 10
232.104
 20
472.664
 10
232.177
 20
472.792
 10
232.256
 20
472.917
 10
232.34
 20
473.037
 10
232.431
 20
473.153
 10
232.527
 20
473.265
 10
232.629
 20
473.371
 10
232.735
 20
473.473
 10
232.847
 20
473.569
 10
232.963
 20
473.66
 10
233.083
 20
473.744
 10
233.208
 20
473.823
 10
233.336
 20
473.896
 10
233.467
 20
473.962
 10
233.602
 20
474.022
 10
233.739
 20
474.075
 10
233.879
 20
474.121
 10
234.021
 20
474.16
 10
234.165
 20
474.192
 10
234.31
 20
474.218
 10
234.456
 20
474.236
 10
234.603
 20
474.246
 10
234.75
 20
474.25
 10
234.897
 20
474.246
 10
235.044
 20
474.236
 10
235.19
 20
474.218
 10
235.335
 20
474.192
 10
235.479
 20
474.16
 10
235.621
 20
474.121
 10
235.761
 20
474.075
 10
235.898
 20
474.022
 10
236.033
 20
473.962
 10
236.164
 20
473.896
 10
236.292
 20
473.823
 10
236.417
 20
473.744
 10
236.537
 20
473.66
 10
236.653
 20
473.569
 10
236.765
 20
473.473
 10
236.871
 20
473.371
 10
236.973
 20
473.265
 10
237.069
 20
473.153
 10
237.16
 20
473.037
 10
237.244
 20
472.917
 10
237.323
 20
472.792
 10
237.396
 20
472.664
 10
237.462
 20
472.533
 10
237.522
 20
472.398
 10
237.575
 20
472.261
 10
237.621
 20
472.121
 10
237.66
 20
471.979
 10
237.692
 20
471.835
 10
237.718
 20
471.69
 10
237.736
 20
471.544
 10
237.746
 20
471.397
 10
237.75
 20
471.25
 10
237.746
 20
471.103
 10
237.736
 20
470.956
 10
237.718
 20
470.81
 10
237.692
 20
470.665
 10
237.66
 20
470.521
 10
237.621
 20
470.379
 10
237.575
 20
470.239
 10
237.522
 20
470.102
 10
237.462
 20
469.967
 10
237.396
 20
469.836
 10
237.323
 20
469.708
 10
237.244
 20
469.583
 10
237.16
 20
469.463
 10
237.069
 20
469.347
 10
236.973
 20
469.235
 10
236.871
 20
469.129
 10
236.765
 20
469.027
 10
236.653
 20
468.931
 10
236.537
 20
468.84
 10
236.417
 20
468.756
 10
236.292
 20
468.677
 10
236.164
 20
468.604
 10
236.033
 20
468.538
 10
235.898
 20
468.478
 10
235.761
 20
468.425
 10
235.621
 20
468.379
 10
235.479
 20
468.34
 10
235.335
 20
468.308
 10
235.19
 20
468.282
 10
235.044
 20
468.264
 10
234.897
 20
468.254
 10
234.75
 20
468.25
  0
LWPOLYLINE
100
AcDbEntity
  8
0
100
AcDbPolyline
 90
128
 70
1
 10
357.103
 20
468.254
 10
356.956
 20
468.264
 10
356.81
 20
468.282
 10
356.665
 20
468.308
 10
356.521
 20
468.34
 10
356.379
 20
468.379
 10
356.239
 20
468.425
 10
356.102
 20
468.478
 10
355.967
 20
468.538
 10
355.836
 20
468.604
 10
355.708
 20
468.677
 10
355.583
 20
468.756
 10
355.463
 20
468.84
 10
355.347
 20
468.931
 10
355.235
 20
469.027
 10
355.129
 20
469.129
 10
355.027
 20
469.235
 10
354.931
 20
469.347
 10
354.84
 20
469.463
 10
354.756
 20
469.583
 10
354.677
 20
469.708
 10
354.604
 20
469.836
 10
354.538
 20
469.967
 10
354.478
 20
470.102
 10
354.425
 20
470.239
 10
354.379
 20
470.379
 10
354.34
 20
470.521
 10
354.308
 20
470.665
 10
354.282
 20
470.81
 10
354.264
 20
470.956
 10
354.254
 20
471.103
 10
354.25
 20
471.25
 10
354.254
 20
471.397
 10
354.264
 20
471.544
 10
354.282
 20
471.69
 10
354.308
 20
471.835
 10
354.34
 20
471.979
 10
354.379
 20
472.121
 10
354.425
 20
472.261
 10
354.478
 20
472.398
 10
354.538
 20
472.533
 10
354.604
 20
472.664
 10
354.677
 20
472.792
 10
354.756
 20
472.917
 10
354.84
 20
473.037
 10
354.931
 20
473.153
 10
355.027
 20
473.265
 10
355.129
 20
473.371
 10
355.235
 20
473.473
 10
355.347
 20
473.569
 10
355.463
 20
473.66
 10
355.583
 20
473.744
 10
355.708
 20
473.823
 10
355.836
 20
473.896
 10
355.967
 20
473.962
 10
356.102
 20
474.022
 10
356.239
 20
474.075
 10
356.379
 20
474.121
 10
356.521
 20
474.16
 10
356.665
 20
474.192
 10
356.81
 20
474.218
 10
356.956
 20
474.236
 10
357.103
 20
474.246
 10
357.25
 20
474.25
 10
357.397
 20
474.246
 10
357.544
 20
474.236
 10
357.69
 20
474.218
 10
357.835
 20
474.192
 10
357.979
 20
474.16
 10
358.121
 20
474.121
 10
358.261
 20
474.075
 10
358.398
 20
474.022
 10
358.533
 20
473.962
 10
358.664
 20
473.896
 10
358.792
 20
473.823
 10
358.917
 20
473.744
 10
359.037
 20
473.66
 10
359.153
 20
473.569
 10
359.265
 20
473.473
 10
359.371
 20
473.371
 10
359.473
 20
473.265
 10
359.569
 20
473.153
 10
359.66
 20
473.037
 10
359.744
 20
472.917
 10
359.823
 20
472.792
 10
359.896
 20
472.664
 10
359.962
 20
472.533
 10
360.022
 20
472.398
 10
360.075
 20
472.261
 10
360.121
 20
472.121
 10
360.16
 20
471.979
 10
360.192
 20
471.835
 10
360.218
 20
471.69
 10
360.236
 20
471.544
 10
360.246
 20
471.397
 10
360.25
 20
471.25
 10
360.246
 20
471.103
 10
360.236
 20
470.956
 10
360.218
 20
470.81
 10
360.192
 20
470.665
 10
360.16
 20
470.521
 10
360.121
 20
470.379
 10
360.075
 20
470.239
 10
360.022
 20
470.102
 10
359.962
 20
469.967
 10
359.896
 20
469.836
 10
359.823
 20
469.708
 10
359.744
 20
469.583
 10
359.66
 20
469.463
 10
359.569
 20
469.347
 10
359.473
 20
469.235
 10
359.371
 20
469.129
 10
359.265
 20
469.027
 10
359.153
 20
468.931
 10
359.037
 20
468.84
 10
358.917
 20
468.756
 10
358.792
 20
468.677
 10
358.664
 20
468.604
 10
358.533
 20
468.538
 10
358.398
 20
468.478
 10
358.261
 20
468.425
 10
358.121
 20
468.379
 10
357.979
 20
468.34
 10
357.835
 20
468.308
 10
357.69
 20
468.282
 10
357.544
 20
468.264
 10
357.397
 20
468.254
 10
357.25
 20
468.25
  0
LWPOLYLINE
100
AcDbEntity
  8
0
100
AcDbPolyline
 90
4
 70
1
 10
225.5
 20
451.875
 10
229.5
 20
451.875
 10
229.5
 20
431.875
 10
225.5
 20
431.875
  0
LWPOLYLINE
100
AcDbEntity
  8
0
100
AcDbPolyline
 90
4
 70
1
 10
362.5
 20
451.875
 10
366.5
 20
451.875
 10
366.5
 20
431.875
 10
362.5
 20
431.875
  0
LWPOLYLINE
100
AcDbEntity
  8
0
100
AcDbPolyline
 90
128
 70
1
 10
243.39
 20
366.086
 10
243.279
 20
366.094
 10
243.17
 20
366.108
 10
243.061
 20
366.127
 10
242.953
 20
366.151
 10
242.847
 20
366.18
 10
242.742
 20
366.215
 10
242.639
 20
366.255
 10
242.538
 20
366.299
 10
242.439
 20
366.349
 10
242.343
 20
366.403
 10
242.25
 20
366.463
 10
242.16
 20
366.526
 10
242.073
 20
366.594
 10
241.989
 20
366.666
 10
241.909
 20
366.742
 10
241.833
 20
366.822
 10
241.761
 20
366.906
 10
241.693
 20
366.993
 10
241.629
 20
367.083
 10
241.57
 20
367.177
 10
241.516
 20
367.273
 10
241.466
 20
367.371
 10
241.421
 20
367.472
 10
241.382
 20
367.575
 10
241.347
 20
367.68
 10
241.317
 20
367.787
 10
241.293
 20
367.894
 10
241.274
 20
368.003
 10
241.261
 20
368.113
 10
241.253
 20
368.223
 10
241.25
 20
368.333
 10
241.253
 20
368.444
 10
241.261
 20
368.554
 10
241.274
 20
368.663
 10
241.293
 20
368.772
 10
241.317
 20
368.88
 10
241.347
 20
368.986
 10
241.382
 20
369.091
 10
241.421
 20
369.194
 10
241.466
 20
369.295
 10
241.516
 20
369.394
 10
241.57
 20
369.49
 10
241.629
 20
369.583
 10
241.693
 20
369.674
 10
241.761
 20
369.761
 10
241.833
 20
369.844
 10
241.909
 20
369.924
 10
241.989
 20
370
 10
242.073
 20
370.073
 10
242.16
 20
370.141
 10
242.25
 20
370.204
 10
242.343
 20
370.263
 10
242.439
 20
370.318
 10
242.538
 20
370.367
 10
242.639
 20
370.412
 10
242.742
 20
370.452
 10
242.847
 20
370.486
 10
242.953
 20
370.516
 10
243.061
 20
370.54
 10
243.17
 20
370.559
 10
243.279
 20
370.572
 10
243.39
 20
370.581
 10
243.5
 20
370.583
 10
243.61
 20
370.581
 10
243.721
 20
370.572
 10
243.83
 20
370.559
 10
243.939
 20
370.54
 10
244.047
 20
370.516
 10
244.153
 20
370.486
 10
244.258
 20
370.452
 10
244.361
 20
370.412
 10
244.462
 20
370.367
 10
244.561
 20
370.318
 10
244.657
 20
370.263
 10
244.75
 20
370.204
 10
244.84
 20
370.141
 10
244.927
 20
370.073
 10
245.011
 20
370
 10
245.091
 20
369.924
 10
245.167
 20
369.844
 10
245.239
 20
369.761
 10
245.307
 20
369.674
 10
245.371
 20
369.583
 10
245.43
 20
369.49
 10
245.484
 20
369.394
 10
245.534
 20
369.295
 10
245.579
 20
369.194
 10
245.618
 20
369.091
 10
245.653
 20
368.986
 10
245.683
 20
368.88
 10
245.707
 20
368.772
 10
245.726
 20
368.663
 10
245.739
 20
368.554
 10
245.747
 20
368.444
 10
245.75
 20
368.333
 10
245.747
 20
368.223
 10
245.739
 20
368.113
 10
245.726
 20
368.003
 10
245.707
 20
367.894
 10
245.683
 20
367.787
 10
245.653
 20
367.68
 10
245.618
 20
367.575
 10
245.579
 20
367.472
 10
245.534
 20
367.371
 10
245.484
 20
367.273
 10
245.43
 20
367.177
 10
245.371
 20
367.083
 10
245.307
 20
366.993
 10
245.239
 20
366.906
 10
245.167
 20
366.822
 10
245.091
 20
366.742
 10
245.011
 20
366.666
 10
244.927
 20
366.594
 10
244.84
 20
366.526
 10
244.75
 20
366.463
 10
244.657
 20
366.403
 10
244.561
 20
366.349
 10
244.462
 20
366.299
 10
244.361
 20
366.255
 10
244.258
 20
366.215
 10
244.153
 20
366.18
 10
244.047
 20
366.151
 10
243.939
 20
366.127
 10
243.83
 20
366.108
 10
243.721
 20
366.094
 10
243.61
 20
366.086
 10
243.5
 20
366.083
  0
LWPOLYLINE
100
AcDbEntity
  8
0
100
AcDbPolyline
 90
128
 70
1
 10
348.39
 20
366.086
 10
348.279
 20
366.094
 10
348.17
 20
366.108
 10
348.061
 20
366.127
 10
347.953
 20
366.151
 10
347.847
 20
366.18
 10
347.742
 20
366.215
 10
347.639
 20
366.255
 10
347.538
 20
366.299
 10
347.439
 20
366.349
 10
347.343
 20
366.403
 10
347.25
 20
366.463
 10
347.16
 20
366.526
 10
347.073
 20
366.594
 10
346.989
 20
366.666
 10
346.909
 20
366.742
 10
346.833
 20
366.822
 10
346.761
 20
366.906
 10
346.693
 20
366.993
 10
346.629
 20
367.083
 10
346.57
 20
367.177
 10
346.516
 20
367.273
 10
346.466
 20
367.371
 10
346.421
 20
367.472
 10
346.382
 20
367.575
 10
346.347
 20
367.68
 10
346.317
 20
367.787
 10
346.293
 20
367.894
 10
346.274
 20
368.003
 10
346.261
 20
368.113
 10
346.253
 20
368.223
 10
346.25
 20
368.333
 10
346.253
 20
368.444
 10
346.261
 20
368.554
 10
346.274
 20
368.663
 10
346.293
 20
368.772
 10
346.317
 20
368.88
 10
346.347
 20
368.986
 10
346.382
 20
369.091
 10
346.421
 20
369.194
 10
346.466
 20
369.295
 10
346.516
 20
369.394
 10
346.57
 20
369.49
 10
346.629
 20
369.583
 10
346.693
 20
369.674
 10
346.761
 20
369.761
 10
346.833
 20
369.844
 10
346.909
 20
369.924
 10
346.989
 20
370
 10
347.073
 20
370.073
 10
347.16
 20
370.141
 10
347.25
 20
370.204
 10
347.343
 20
370.263
 10
347.439
 20
370.318
 10
347.538
 20
370.367
 10
347.639
 20
370.412
 10
347.742
 20
370.452
 10
347.847
 20
370.486
 10
347.953
 20
370.516
 10
348.061
 20
370.54
 10
348.17
 20
370.559
 10
348.279
 20
370.572
 10
348.39
 20
370.581
 10
348.5
 20
370.583
 10
348.61
 20
370.581
 10
348.721
 20
370.572
 10
348.83
 20
370.559
 10
348.939
 20
370.54
 10
349.047
 20
370.516
 10
349.153
 20
370.486
 10
349.258
 20
370.452
 10
349.361
 20
370.412
 10
349.462
 20
370.367
 10
349.561
 20
370.318
 10
349.657
 20
370.263
 10
349.75
 20
370.204
 10
349.84
 20
370.141
 10
349.927
 20
370.073
 10
350.011
 20
370
 10
350.091
 20
369.924
 10
350.167
 20
369.844
 10
350.239
 20
369.761
 10
350.307
 20
369.674
 10
350.371
 20
369.583
 10
350.43
 20
369.49
 10
350.484
 20
369.394
 10
350.534
 20
369.295
 10
350.579
 20
369.194
 10
350.618
 20
369.091
 10
350.653
 20
368.986
 10
350.683
 20
368.88
 10
350.707
 20
368.772
 10
350.726
 20
368.663
 10
350.739
 20
368.554
 10
350.747
 20
368.444
 10
350.75
 20
368.333
 10
350.747
 20
368.223
 10
350.739
 20
368.113
 10
350.726
 20
368.003
 10
350.707
 20
367.894
 10
350.683
 20
367.787
 10
350.653
 20
367.68
 10
350.618
 20
367.575
 10
350.579
 20
367.472
 10
350.534
 20
367.371
 10
350.484
 20
367.273
 10
350.43
 20
367.177
 10
350.371
 20
367.083
 10
350.307
 20
366.993
 10
350.239
 20
366.906
 10
350.167
 20
366.822
 10
350.091
 20
366.742
 10
350.011
 20
366.666
 10
349.927
 20
366.594
 10
349.84
 20
366.526
 10
349.75
 20
366.463
 10
349.657
 20
366.403
 10
349.561
 20
366.349
 10
349.462
 20
366.299
 10
349.361
 20
366.255
 10
349.258
 20
366.215
 10
349.153
 20
366.18
 10
349.047
 20
366.151
 10
348.939
 20
366.127
 10
348.83
 20
366.108
 10
348.721
 20
366.094
 10
348.61
 20
366.086
 10
348.5
 20
366.083
  0
LWPOLYLINE
100
AcDbEntity
  8
0
100
AcDbPolyline
 90
4
 70
1
 10
225.5
 20
325.625
 10
229.5
 20
325.625
 10
229.5
 20
305.625
 10
225.5
 20
305.625
  0
LWPOLYLINE
100
AcDbEntity
  8
0
100
AcDbPolyline
 90
4
 70
1
 10
362.5
 20
325.625
 10
366.5
 20
325.625
 10
366.5
 20
305.625
 10
362.5
 20
305.625
  0
LWPOLYLINE
100
AcDbEntity
  8
0
100
AcDbPolyline
 90
128
 70
1
 10
293.228
 20
196.068
 10
290.462
 20
196.272
 10
287.71
 20
196.612
 10
284.977
 20
197.086
 10
282.272
 20
197.693
 10
279.599
 20
198.433
 10
276.966
 20
199.303
 10
274.378
 20
200.301
 10
271.843
 20
201.425
 10
269.366
 20
202.671
 10
266.953
 20
204.038
 10
264.61
 20
205.522
 10
262.343
 20
207.119
 10
260.157
 20
208.825
 10
258.057
 20
210.636
 10
256.048
 20
212.548
 10
254.136
 20
214.557
 10
252.325
 20
216.657
 10
250.619
 20
218.843
 10
249.022
 20
221.11
 10
247.538
 20
223.453
 10
246.171
 20
225.866
 10
244.925
 20
228.343
 10
243.801
 20
230.878
 10
242.803
 20
233.466
 10
241.933
 20
236.099
 10
241.193
 20
238.772
 10
240.586
 20
241.477
 10
240.112
 20
244.21
 10
239.772
 20
246.962
 10
239.568
 20
249.728
 10
239.5
 20
252.5
 10
239.568
 20
255.272
 10
239.772
 20
258.038
 10
240.112
 20
260.79
 10
240.586
 20
263.523
 10
241.193
 20
266.228
 10
241.933
 20
268.901
 10
242.803
 20
271.534
 10
243.801
 20
274.122
 10
244.925
 20
276.657
 10
246.171
 20
279.134
 10
247.538
 20
281.547
 10
249.022
 20
283.89
 10
250.619
 20
286.157
 10
252.325
 20
288.343
 10
254.136
 20
290.443
 10
256.048
 20
292.452
 10
258.057
 20
294.364
 10
260.157
 20
296.175
 10
262.343
 20
297.881
 10
264.61
 20
299.478
 10
266.953
 20
300.962
 10
269.366
 20
302.329
 10
271.843
 20
303.575
 10
274.378
 20
304.699
 10
276.966
 20
305.697
 10
279.599
 20
306.567
 10
282.272
 20
307.307
 10
284.977
 20
307.914
 10
287.71
 20
308.388
 10
290.462
 20
308.728
 10
293.228
 20
308.932
 10
296
 20
309
 10
298.772
 20
308.932
 10
301.538
 20
308.728
 10
304.29
 20
308.388
 10
307.023
 20
307.914
 10
309.728
 20
307.307
 10
312.401
 20
306.567
 10
315.034
 20
305.697
 10
317.622
 20
304.699
 10
320.157
 20
303.575
 10
322.634
 20
302.329
 10
325.047
 20
300.962
 10
327.39
 20
299.478
 10
329.657
 20
297.881
 10
331.843
 20
296.175
 10
333.943
 20
294.364
 10
335.952
 20
292.452
 10
337.864
 20
290.443
 10
339.675
 20
288.343
 10
341.381
 20
286.157
 10
342.978
 20
283.89
 10
344.462
 20
281.547
 10
345.829
 20
279.134
 10
347.075
 20
276.657
 10
348.199
 20
274.122
 10
349.197
 20
271.534
 10
350.067
 20
268.901
 10
350.807
 20
266.228
 10
351.414
 20
263.523
 10
351.888
 20
260.79
 10
352.228
 20
258.038
 10
352.432
 20
255.272
 10
352.5
 20
252.5
 10
352.432
 20
249.728
 10
352.228
 20
246.962
 10
351.888
 20
244.21
 10
351.414
 20
241.477
 10
350.807
 20
238.772
 10
350.067
 20
236.099
 10
349.197
 20
233.466
 10
348.199
 20
230.878
 10
347.075
 20
228.343
 10
345.829
 20
225.866
 10
344.462
 20
223.453
 10
342.978
 20
221.11
 10
341.381
 20
218.843
 10
339.675
 20
216.657
 10
337.864
 20
214.557
 10
335.952
 20
212.548
 10
333.943
 20
210.636
 10
331.843
 20
208.825
 10
329.657
 20
207.119
 10
327.39
 20
205.522
 10
325.047
 20
204.038
 10
322.634
 20
202.671
 10
320.157
 20
201.425
 10
317.622
 20
200.301
 10
315.034
 20
199.303
 10
312.401
 20
198.433
 10
309.728
 20
197.693
 10
307.023
 20
197.086
 10
304.29
 20
196.612
 10
301.538
 20
196.272
 10
298.772
 20
196.068
 10
296
 20
196
  0
LWPOLYLINE
100
AcDbEntity
  8
0
100
AcDbPolyline
 90
128
 70
1
 10
243.39
 20
302.753
 10
243.279
 20
302.761
 10
243.17
 20
302.774
 10
243.061
 20
302.793
 10
242.953
 20
302.817
 10
242.847
 20
302.847
 10
242.742
 20
302.882
 10
242.639
 20
302.921
 10
242.538
 20
302.966
 10
242.439
 20
303.016
 10
242.343
 20
303.07
 10
242.25
 20
303.129
 10
242.16
 20
303.193
 10
242.073
 20
303.261
 10
241.989
 20
303.333
 10
241.909
 20
303.409
 10
241.833
 20
303.489
 10
241.761
 20
303.573
 10
241.693
 20
303.66
 10
241.629
 20
303.75
 10
241.57
 20
303.843
 10
241.516
 20
303.939
 10
241.466
 20
304.038
 10
241.421
 20
304.139
 10
241.382
 20
304.242
 10
241.347
 20
304.347
 10
241.317
 20
304.453
 10
241.293
 20
304.561
 10
241.274
 20
304.67
 10
241.261
 20
304.779
 10
241.253
 20
304.89
 10
241.25
 20
305
 10
241.253
 20
305.11
 10
241.261
 20
305.221
 10
241.274
 20
305.33
 10
241.293
 20
305.439
 10
241.317
 20
305.547
 10
241.347
 20
305.653
 10
241.382
 20
305.758
 10
241.421
 20
305.861
 10
241.466
 20
305.962
 10
241.516
 20
306.061
 10
241.57
 20
306.157
 10
241.629
 20
306.25
 10
241.693
 20
306.34
 10
241.761
 20
306.427
 10
241.833
 20
306.511
 10
241.909
 20
306.591
 10
241.989
 20
306.667
 10
242.073
 20
306.739
 10
242.16
 20
306.807
 10
242.25
 20
306.871
 10
242.343
 20
306.93
 10
242.439
 20
306.984
 10
242.538
 20
307.034
 10
242.639
 20
307.079
 10
242.742
 20
307.118
 10
242.847
 20
307.153
 10
242.953
 20
307.183
 10
243.061
 20
307.207
 10
243.17
 20
307.226
 10
243.279
 20
307.239
 10
243.39
 20
307.247
 10
243.5
 20
307.25
 10
243.61
 20
307.247
 10
243.721
 20
307.239
 10
243.83
 20
307.226
 10
243.939
 20
307.207
 10
244.047
 20
307.183
 10
244.153
 20
307.153
 10
244.258
 20
307.118
 10
244.361
 20
307.079
 10
244.462
 20
307.034
 10
244.561
 20
306.984
 10
244.657
 20
306.93
 10
244.75
 20
306.871
 10
244.84
 20
306.807
 10
244.927
 20
306.739
 10
245.011
 20
306.667
 10
245.091
 20
306.591
 10
245.167
 20
306.511
 10
245.239
 20
306.427
 10
245.307
 20
306.34
 10
245.371
 20
306.25
 10
245.43
 20
306.157
 10
245.484
 20
306.061
 10
245.534
 20
305.962
 10
245.579
 20
305.861
 10
245.618
 20
305.758
 10
245.653
 20
305.653
 10
245.683
 20
305.547
 10
245.707
 20
305.439
 10
245.726
 20
305.33
 10
245.739
 20
305.221
 10
245.747
 20
305.11
 10
245.75
 20
305
 10
245.747
 20
304.89
 10
245.739
 20
304.779
 10
245.726
 20
304.67
 10
245.707
 20
304.561
 10
245.683
 20
304.453
 10
245.653
 20
304.347
 10
245.618
 20
304.242
 10
245.579
 20
304.139
 10
245.534
 20
304.038
 10
245.484
 20
303.939
 10
245.43
 20
303.843
 10
245.371
 20
303.75
 10
245.307
 20
303.66
 10
245.239
 20
303.573
 10
245.167
 20
303.489
 10
245.091
 20
303.409
 10
245.011
 20
303.333
 10
244.927
 20
303.261
 10
244.84
 20
303.193
 10
244.75
 20
303.129
 10
244.657
 20
303.07
 10
244.561
 20
303.016
 10
244.462
 20
302.966
 10
244.361
 20
302.921
 10
244.258
 20
302.882
 10
244.153
 20
302.847
 10
244.047
 20
302.817
 10
243.939
 20
302.793
 10
243.83
 20
302.774
 10
243.721
 20
302.761
 10
243.61
 20
302.753
 10
243.5
 20
302.75
  0
LWPOLYLINE
100
AcDbEntity
  8
0
100
AcDbPolyline
 90
128
 70
1
 10
348.39
 20
302.753
 10
348.279
 20
302.761
 10
348.17
 20
302.774
 10
348.061
 20
302.793
 10
347.953
 20
302.817
 10
347.847
 20
302.847
 10
347.742
 20
302.882
 10
347.639
 20
302.921
 10
347.538
 20
302.966
 10
347.439
 20
303.016
 10
347.343
 20
303.07
 10
347.25
 20
303.129
 10
347.16
 20
303.193
 10
347.073
 20
303.261
 10
346.989
 20
303.333
 10
346.909
 20
303.409
 10
346.833
 20
303.489
 10
346.761
 20
303.573
 10
346.693
 20
303.66
 10
346.629
 20
303.75
 10
346.57
 20
303.843
 10
346.516
 20
303.939
 10
346.466
 20
304.038
 10
346.421
 20
304.139
 10
346.382
 20
304.242
 10
346.347
 20
304.347
 10
346.317
 20
304.453
 10
346.293
 20
304.561
 10
346.274
 20
304.67
 10
346.261
 20
304.779
 10
346.253
 20
304.89
 10
346.25
 20
305
 10
346.253
 20
305.11
 10
346.261
 20
305.221
 10
346.274
 20
305.33
 10
346.293
 20
305.439
 10
346.317
 20
305.547
 10
346.347
 20
305.653
 10
346.382
 20
305.758
 10
346.421
 20
305.861
 10
346.466
 20
305.962
 10
346.516
 20
306.061
 10
346.57
 20
306.157
 10
346.629
 20
306.25
 10
346.693
 20
306.34
 10
346.761
 20
306.427
 10
346.833
 20
306.511
 10
346.909
 20
306.591
 10
346.989
 20
306.667
 10
347.073
 20
306.739
 10
347.16
 20
306.807
 10
347.25
 20
306.871
 10
347.343
 20
306.93
 10
347.439
 20
306.984
 10
347.538
 20
307.034
 10
347.639
 20
307.079
 10
347.742
 20
307.118
 10
347.847
 20
307.153
 10
347.953
 20
307.183
 10
348.061
 20
307.207
 10
348.17
 20
307.226
 10
348.279
 20
307.239
 10
348.39
 20
307.247
 10
348.5
 20
307.25
 10
348.61
 20
307.247
 10
348.721
 20
307.239
 10
348.83
 20
307.226
 10
348.939
 20
307.207
 10
349.047
 20
307.183
 10
349.153
 20
307.153
 10
349.258
 20
307.118
 10
349.361
 20
307.079
 10
349.462
 20
307.034
 10
349.561
 20
306.984
 10
349.657
 20
306.93
 10
349.75
 20
306.871
 10
349.84
 20
306.807
 10
349.927
 20
306.739
 10
350.011
 20
306.667
 10
350.091
 20
306.591
 10
350.167
 20
306.511
 10
350.239
 20
306.427
 10
350.307
 20
306.34
 10
350.371
 20
306.25
 10
350.43
 20
306.157
 10
350.484
 20
306.061
 10
350.534
 20
305.962
 10
350.579
 20
305.861
 10
350.618
 20
305.758
 10
350.653
 20
305.653
 10
350.683
 20
305.547
 10
350.707
 20
305.439
 10
350.726
 20
305.33
 10
350.739
 20
305.221
 10
350.747
 20
305.11
 10
350.75
 20
305
 10
350.747
 20
304.89
 10
350.739
 20
304.779
 10
350.726
 20
304.67
 10
350.707
 20
304.561
 10
350.683
 20
304.453
 10
350.653
 20
304.347
 10
350.618
 20
304.242
 10
350.579
 20
304.139
 10
350.534
 20
304.038
 10
350.484
 20
303.939
 10
350.43
 20
303.843
 10
350.371
 20
303.75
 10
350.307
 20
303.66
 10
350.239
 20
303.573
 10
350.167
 20
303.489
 10
350.091
 20
303.409
 10
350.011
 20
303.333
 10
349.927
 20
303.261
 10
349.84
 20
303.193
 10
349.75
 20
303.129
 10
349.657
 20
303.07
 10
349.561
 20
303.016
 10
349.462
 20
302.966
 10
349.361
 20
302.921
 10
349.258
 20
302.882
 10
349.153
 20
302.847
 10
349.047
 20
302.817
 10
348.939
 20
302.793
 10
348.83
 20
302.774
 10
348.721
 20
302.761
 10
348.61
 20
302.753
 10
348.5
 20
302.75
  0
LWPOLYLINE
100
AcDbEntity
  8
0
100
AcDbPolyline
 90
128
 70
1
 10
243.39
 20
197.753
 10
243.279
 20
197.761
 10
243.17
 20
197.774
 10
243.061
 20
197.793
 10
242.953
 20
197.817
 10
242.847
 20
197.847
 10
242.742
 20
197.882
 10
242.639
 20
197.921
 10
242.538
 20
197.966
 10
242.439
 20
198.016
 10
242.343
 20
198.07
 10
242.25
 20
198.129
 10
242.16
 20
198.193
 10
242.073
 20
198.261
 10
241.989
 20
198.333
 10
241.909
 20
198.409
 10
241.833
 20
198.489
 10
241.761
 20
198.573
 10
241.693
 20
198.66
 10
241.629
 20
198.75
 10
241.57
 20
198.843
 10
241.516
 20
198.939
 10
241.466
 20
199.038
 10
241.421
 20
199.139
 10
241.382
 20
199.242
 10
241.347
 20
199.347
 10
241.317
 20
199.453
 10
241.293
 20
199.561
 10
241.274
 20
199.67
 10
241.261
 20
199.779
 10
241.253
 20
199.89
 10
241.25
 20
200
 10
241.253
 20
200.11
 10
241.261
 20
200.221
 10
241.274
 20
200.33
 10
241.293
 20
200.439
 10
241.317
 20
200.547
 10
241.347
 20
200.653
 10
241.382
 20
200.758
 10
241.421
 20
200.861
 10
241.466
 20
200.962
 10
241.516
 20
201.061
 10
241.57
 20
201.157
 10
241.629
 20
201.25
 10
241.693
 20
201.34
 10
241.761
 20
201.427
 10
241.833
 20
201.511
 10
241.909
 20
201.591
 10
241.989
 20
201.667
 10
242.073
 20
201.739
 10
242.16
 20
201.807
 10
242.25
 20
201.871
 10
242.343
 20
201.93
 10
242.439
 20
201.984
 10
242.538
 20
202.034
 10
242.639
 20
202.079
 10
242.742
 20
202.118
 10
242.847
 20
202.153
 10
242.953
 20
202.183
 10
243.061
 20
202.207
 10
243.17
 20
202.226
 10
243.279
 20
202.239
 10
243.39
 20
202.247
 10
243.5
 20
202.25
 10
243.61
 20
202.247
 10
243.721
 20
202.239
 10
243.83
 20
202.226
 10
243.939
 20
202.207
 10
244.047
 20
202.183
 10
244.153
 20
202.153
 10
244.258
 20
202.118
 10
244.361
 20
202.079
 10
244.462
 20
202.034
 10
244.561
 20
201.984
 10
244.657
 20
201.93
 10
244.75
 20
201.871
 10
244.84
 20
201.807
 10
244.927
 20
201.739
 10
245.011
 20
201.667
 10
245.091
 20
201.591
 10
245.167
 20
201.511
 10
245.239
 20
201.427
 10
245.307
 20
201.34
 10
245.371
 20
201.25
 10
245.43
 20
201.157
 10
245.484
 20
201.061
 10
245.534
 20
200.962
 10
245.579
 20
200.861
 10
245.618
 20
200.758
 10
245.653
 20
200.653
 10
245.683
 20
200.547
 10
245.707
 20
200.439
 10
245.726
 20
200.33
 10
245.739
 20
200.221
 10
245.747
 20
200.11
 10
245.75
 20
200
 10
245.747
 20
199.89
 10
245.739
 20
199.779
 10
245.726
 20
199.67
 10
245.707
 20
199.561
 10
245.683
 20
199.453
 10
245.653
 20
199.347
 10
245.618
 20
199.242
 10
245.579
 20
199.139
 10
245.534
 20
199.038
 10
245.484
 20
198.939
 10
245.43
 20
198.843
 10
245.371
 20
198.75
 10
245.307
 20
198.66
 10
245.239
 20
198.573
 10
245.167
 20
198.489
 10
245.091
 20
198.409
 10
245.011
 20
198.333
 10
244.927
 20
198.261
 10
244.84
 20
198.193
 10
244.75
 20
198.129
 10
244.657
 20
198.07
 10
244.561
 20
198.016
 10
244.462
 20
197.966
 10
244.361
 20
197.921
 10
244.258
 20
197.882
 10
244.153
 20
197.847
 10
244.047
 20
197.817
 10
243.939
 20
197.793
 10
243.83
 20
197.774
 10
243.721
 20
197.761
 10
243.61
 20
197.753
 10
243.5
 20
197.75
  0
LWPOLYLINE
100
AcDbEntity
  8
0
100
AcDbPolyline
 90
128
 70
1
 10
348.39
 20
197.753
 10
348.279
 20
197.761
 10
348.17
 20
197.774
 10
348.061
 20
197.793
 10
347.953
 20
197.817
 10
347.847
 20
197.847
 10
347.742
 20
197.882
 10
347.639
 20
197.921
 10
347.538
 20
197.966
 10
347.439
 20
198.016
 10
347.343
 20
198.07
 10
347.25
 20
198.129
 10
347.16
 20
198.193
 10
347.073
 20
198.261
 10
346.989
 20
198.333
 10
346.909
 20
198.409
 10
346.833
 20
198.489
 10
346.761
 20
198.573
 10
346.693
 20
198.66
 10
346.629
 20
198.75
 10
346.57
 20
198.843
 10
346.516
 20
198.939
 10
346.466
 20
199.038
 10
346.421
 20
199.139
 10
346.382
 20
199.242
 10
346.347
 20
199.347
 10
346.317
 20
199.453
 10
346.293
 20
199.561
 10
346.274
 20
199.67
 10
346.261
 20
199.779
 10
346.253
 20
199.89
 10
346.25
 20
200
 10
346.253
 20
200.11
 10
346.261
 20
200.221
 10
346.274
 20
200.33
 10
346.293
 20
200.439
 10
346.317
 20
200.547
 10
346.347
 20
200.653
 10
346.382
 20
200.758
 10
346.421
 20
200.861
 10
346.466
 20
200.962
 10
346.516
 20
201.061
 10
346.57
 20
201.157
 10
346.629
 20
201.25
 10
346.693
 20
201.34
 10
346.761
 20
201.427
 10
346.833
 20
201.511
 10
346.909
 20
201.591
 10
346.989
 20
201.667
 10
347.073
 20
201.739
 10
347.16
 20
201.807
 10
347.25
 20
201.871
 10
347.343
 20
201.93
 10
347.439
 20
201.984
 10
347.538
 20
202.034
 10
347.639
 20
202.079
 10
347.742
 20
202.118
 10
347.847
 20
202.153
 10
347.953
 20
202.183
 10
348.061
 20
202.207
 10
348.17
 20
202.226
 10
348.279
 20
202.239
 10
348.39
 20
202.247
 10
348.5
 20
202.25
 10
348.61
 20
202.247
 10
348.721
 20
202.239
 10
348.83
 20
202.226
 10
348.939
 20
202.207
 10
349.047
 20
202.183
 10
349.153
 20
202.153
 10
349.258
 20
202.118
 10
349.361
 20
202.079
 10
349.462
 20
202.034
 10
349.561
 20
201.984
 10
349.657
 20
201.93
 10
349.75
 20
201.871
 10
349.84
 20
201.807
 10
349.927
 20
201.739
 10
350.011
 20
201.667
 10
350.091
 20
201.591
 10
350.167
 20
201.511
 10
350.239
 20
201.427
 10
350.307
 20
201.34
 10
350.371
 20
201.25
 10
350.43
 20
201.157
 10
350.484
 20
201.061
 10
350.534
 20
200.962
 10
350.579
 20
200.861
 10
350.618
 20
200.758
 10
350.653
 20
200.653
 10
350.683
 20
200.547
 10
350.707
 20
200.439
 10
350.726
 20
200.33
 10
350.739
 20
200.221
 10
350.747
 20
200.11
 10
350.75
 20
200
 10
350.747
 20
199.89
 10
350.739
 20
199.779
 10
350.726
 20
199.67
 10
350.707
 20
199.561
 10
350.683
 20
199.453
 10
350.653
 20
199.347
 10
350.618
 20
199.242
 10
350.579
 20
199.139
 10
350.534
 20
199.038
 10
350.484
 20
198.939
 10
350.43
 20
198.843
 10
350.371
 20
198.75
 10
350.307
 20
198.66
 10
350.239
 20
198.573
 10
350.167
 20
198.489
 10
350.091
 20
198.409
 10
350.011
 20
198.333
 10
349.927
 20
198.261
 10
349.84
 20
198.193
 10
349.75
 20
198.129
 10
349.657
 20
198.07
 10
349.561
 20
198.016
 10
349.462
 20
197.966
 10
349.361
 20
197.921
 10
349.258
 20
197.882
 10
349.153
 20
197.847
 10
349.047
 20
197.817
 10
348.939
 20
197.793
 10
348.83
 20
197.774
 10
348.721
 20
197.761
 10
348.61
 20
197.753
 10
348.5
 20
197.75
  0
LWPOLYLINE
100
AcDbEntity
  8
0
100
AcDbPolyline
 90
4
 70
1
 10
225.5
 20
199.375
 10
229.5
 20
199.375
 10
229.5
 20
179.375
 10
225.5
 20
179.375
  0
LWPOLYLINE
100
AcDbEntity
  8
0
100
AcDbPolyline
 90
4
 70
1
 10
362.5
 20
199.375
 10
366.5
 20
199.375
 10
366.5
 20
179.375
 10
362.5
 20
179.375
  0
LWPOLYLINE
100
AcDbEntity
  8
0
100
AcDbPolyline
 90
128
 70
1
 10
293.228
 20
27.7347
 10
290.462
 20
27.9387
 10
287.71
 20
28.2782
 10
284.977
 20
28.7523
 10
282.272
 20
29.3599
 10
279.599
 20
30.0995
 10
276.966
 20
30.9694
 10
274.378
 20
31.9675
 10
271.843
 20
33.0913
 10
269.366
 20
34.3381
 10
266.953
 20
35.705
 10
264.61
 20
37.1886
 10
262.343
 20
38.7854
 10
260.157
 20
40.4916
 10
258.057
 20
42.3029
 10
256.048
 20
44.2151
 10
254.136
 20
46.2236
 10
252.325
 20
48.3234
 10
250.619
 20
50.5097
 10
249.022
 20
52.7769
 10
247.538
 20
55.1199
 10
246.171
 20
57.5328
 10
244.925
 20
60.0098
 10
243.801
 20
62.5451
 10
242.803
 20
65.1324
 10
241.933
 20
67.7656
 10
241.193
 20
70.4383
 10
240.586
 20
73.1441
 10
240.112
 20
75.8764
 10
239.772
 20
78.6287
 10
239.568
 20
81.3943
 10
239.5
 20
84.1667
 10
239.568
 20
86.939
 10
239.772
 20
89.7046
 10
240.112
 20
92.4569
 10
240.586
 20
95.1893
 10
241.193
 20
97.895
 10
241.933
 20
100.568
 10
242.803
 20
103.201
 10
243.801
 20
105.788
 10
244.925
 20
108.324
 10
246.171
 20
110.801
 10
247.538
 20
113.213
 10
249.022
 20
115.556
 10
250.619
 20
117.824
 10
252.325
 20
120.01
 10
254.136
 20
122.11
 10
256.048
 20
124.118
 10
258.057
 20
126.03
 10
260.157
 20
127.842
 10
262.343
 20
129.548
 10
264.61
 20
131.145
 10
266.953
 20
132.628
 10
269.366
 20
133.995
 10
271.843
 20
135.242
 10
274.378
 20
136.366
 10
276.966
 20
137.364
 10
279.599
 20
138.234
 10
282.272
 20
138.973
 10
284.977
 20
139.581
 10
287.71
 20
140.055
 10
290.462
 20
140.395
 10
293.228
 20
140.599
 10
296
 20
140.667
 10
298.772
 20
140.599
 10
301.538
 20
140.395
 10
304.29
 20
140.055
 10
307.023
 20
139.581
 10
309.728
 20
138.973
 10
312.401
 20
138.234
 10
315.034
 20
137.364
 10
317.622
 20
136.366
 10
320.157
 20
135.242
 10
322.634
 20
133.995
 10
325.047
 20
132.628
 10
327.39
 20
131.145
 10
329.657
 20
129.548
 10
331.843
 20
127.842
 10
333.943
 20
126.03
 10
335.952
 20
124.118
 10
337.864
 20
122.11
 10
339.675
 20
120.01
 10
341.381
 20
117.824
 10
342.978
 20
115.556
 10
344.462
 20
113.213
 10
345.829
 20
110.801
 10
347.075
 20
108.324
 10
348.199
 20
105.788
 10
349.197
 20
103.201
 10
350.067
 20
100.568
 10
350.807
 20
97.895
 10
351.414
 20
95.1893
 10
351.888
 20
92.4569
 10
352.228
 20
89.7046
 10
352.432
 20
86.939
 10
352.5
 20
84.1667
 10
352.432
 20
81.3943
 10
352.228
 20
78.6287
 10
351.888
 20
75.8764
 10
351.414
 20
73.1441
 10
350.807
 20
70.4383
 10
350.067
 20
67.7656
 10
349.197
 20
65.1324
 10
348.199
 20
62.5451
 10
347.075
 20
60.0098
 10
345.829
 20
57.5328
 10
344.462
 20
55.1199
 10
342.978
 20
52.7769
 10
341.381
 20
50.5097
 10
339.675
 20
48.3234
 10
337.864
 20
46.2236
 10
335.952
 20
44.2151
 10
333.943
 20
42.3029
 10
331.843
 20
40.4916
 10
329.657
 20
38.7854
 10
327.39
 20
37.1886
 10
325.047
 20
35.705
 10
322.634
 20
34.3381
 10
320.157
 20
33.0913
 10
317.622
 20
31.9675
 10
315.034
 20
30.9694
 10
312.401
 20
30.0995
 10
309.728
 20
29.3599
 10
307.023
 20
28.7523
 10
304.29
 20
28.2782
 10
301.538
 20
27.9387
 10
298.772
 20
27.7347
 10
296
 20
27.6667
  0
LWPOLYLINE
100
AcDbEntity
  8
0
100
AcDbPolyline
 90
128
 70
1
 10
243.39
 20
134.419
 10
243.279
 20
134.428
 10
243.17
 20
134.441
 10
243.061
 20
134.46
 10
242.953
 20
134.484
 10
242.847
 20
134.514
 10
242.742
 20
134.548
 10
242.639
 20
134.588
 10
242.538
 20
134.633
 10
242.439
 20
134.682
 10
242.343
 20
134.737
 10
242.25
 20
134.796
 10
242.16
 20
134.859
 10
242.073
 20
134.927
 10
241.989
 20
135
 10
241.909
 20
135.076
 10
241.833
 20
135.156
 10
241.761
 20
135.239
 10
241.693
 20
135.326
 10
241.629
 20
135.417
 10
241.57
 20
135.51
 10
241.516
 20
135.606
 10
241.466
 20
135.705
 10
241.421
 20
135.806
 10
241.382
 20
135.909
 10
241.347
 20
136.014
 10
241.317
 20
136.12
 10
241.293
 20
136.228
 10
241.274
 20
136.337
 10
241.261
 20
136.446
 10
241.253
 20
136.556
 10
241.25
 20
136.667
 10
241.253
 20
136.777
 10
241.261
 20
136.887
 10
241.274
 20
136.997
 10
241.293
 20
137.106
 10
241.317
 20
137.213
 10
241.347
 20
137.32
 10
241.382
 20
137.425
 10
241.421
 20
137.528
 10
241.466
 20
137.629
 10
241.516
 20
137.727
 10
241.57
 20
137.823
 10
241.629
 20
137.917
 10
241.693
 20
138.007
 10
241.761
 20
138.094
 10
241.833
 20
138.178
 10
241.909
 20
138.258
 10
241.989
 20
138.334
 10
242.073
 20
138.406
 10
242.16
 20
138.474
 10
242.25
 20
138.537
 10
242.343
 20
138.597
 10
242.439
 20
138.651
 10
242.538
 20
138.701
 10
242.639
 20
138.745
 10
242.742
 20
138.785
 10
242.847
 20
138.82
 10
242.953
 20
138.849
 10
243.061
 20
138.873
 10
243.17
 20
138.892
 10
243.279
 20
138.906
 10
243.39
 20
138.914
 10
243.5
 20
138.917
 10
243.61
 20
138.914
 10
243.721
 20
138.906
 10
243.83
 20
138.892
 10
243.939
 20
138.873
 10
244.047
 20
138.849
 10
244.153
 20
138.82
 10
244.258
 20
138.785
 10
244.361
 20
138.745
 10
244.462
 20
138.701
 10
244.561
 20
138.651
 10
244.657
 20
138.597
 10
244.75
 20
138.537
 10
244.84
 20
138.474
 10
244.927
 20
138.406
 10
245.011
 20
138.334
 10
245.091
 20
138.258
 10
245.167
 20
138.178
 10
245.239
 20
138.094
 10
245.307
 20
138.007
 10
245.371
 20
137.917
 10
245.43
 20
137.823
 10
245.484
 20
137.727
 10
245.534
 20
137.629
 10
245.579
 20
137.528
 10
245.618
 20
137.425
 10
245.653
 20
137.32
 10
245.683
 20
137.213
 10
245.707
 20
137.106
 10
245.726
 20
136.997
 10
245.739
 20
136.887
 10
245.747
 20
136.777
 10
245.75
 20
136.667
 10
245.747
 20
136.556
 10
245.739
 20
136.446
 10
245.726
 20
136.337
 10
245.707
 20
136.228
 10
245.683
 20
136.12
 10
245.653
 20
136.014
 10
245.618
 20
135.909
 10
245.579
 20
135.806
 10
245.534
 20
135.705
 10
245.484
 20
135.606
 10
245.43
 20
135.51
 10
245.371
 20
135.417
 10
245.307
 20
135.326
 10
245.239
 20
135.239
 10
245.167
 20
135.156
 10
245.091
 20
135.076
 10
245.011
 20
135
 10
244.927
 20
134.927
 10
244.84
 20
134.859
 10
244.75
 20
134.796
 10
244.657
 20
134.737
 10
244.561
 20
134.682
 10
244.462
 20
134.633
 10
244.361
 20
134.588
 10
244.258
 20
134.548
 10
244.153
 20
134.514
 10
244.047
 20
134.484
 10
243.939
 20
134.46
 10
243.83
 20
134.441
 10
243.721
 20
134.428
 10
243.61
 20
134.419
 10
243.5
 20
134.417
  0
LWPOLYLINE
100
AcDbEntity
  8
0
100
AcDbPolyline
 90
128
 70
1
 10
348.39
 20
134.419
 10
348.279
 20
134.428
 10
348.17
 20
134.441
 10
348.061
 20
134.46
 10
347.953
 20
134.484
 10
347.847
 20
134.514
 10
347.742
 20
134.548
 10
347.639
 20
134.588
 10
347.538
 20
134.633
 10
347.439
 20
134.682
 10
347.343
 20
134.737
 10
347.25
 20
134.796
 10
347.16
 20
134.859
 10
347.073
 20
134.927
 10
346.989
 20
135
 10
346.909
 20
135.076
 10
346.833
 20
135.156
 10
346.761
 20
135.239
 10
346.693
 20
135.326
 10
346.629
 20
135.417
 10
346.57
 20
135.51
 10
346.516
 20
135.606
 10
346.466
 20
135.705
 10
346.421
 20
135.806
 10
346.382
 20
135.909
 10
346.347
 20
136.014
 10
346.317
 20
136.12
 10
346.293
 20
136.228
 10
346.274
 20
136.337
 10
346.261
 20
136.446
 10
346.253
 20
136.556
 10
346.25
 20
136.667
 10
346.253
 20
136.777
 10
346.261
 20
136.887
 10
346.274
 20
136.997
 10
346.293
 20
137.106
 10
346.317
 20
137.213
 10
346.347
 20
137.32
 10
346.382
 20
137.425
 10
346.421
 20
137.528
 10
346.466
 20
137.629
 10
346.516
 20
137.727
 10
346.57
 20
137.823
 10
346.629
 20
137.917
 10
346.693
 20
138.007
 10
346.761
 20
138.094
 10
346.833
 20
138.178
 10
346.909
 20
138.258
 10
346.989
 20
138.334
 10
347.073
 20
138.406
 10
347.16
 20
138.474
 10
347.25
 20
138.537
 10
347.343
 20
138.597
 10
347.439
 20
138.651
 10
347.538
 20
138.701
 10
347.639
 20
138.745
 10
347.742
 20
138.785
 10
347.847
 20
138.82
 10
347.953
 20
138.849
 10
348.061
 20
138.873
 10
348.17
 20
138.892
 10
348.279
 20
138.906
 10
348.39
 20
138.914
 10
348.5
 20
138.917
 10
348.61
 20
138.914
 10
348.721
 20
138.906
 10
348.83
 20
138.892
 10
348.939
 20
138.873
 10
349.047
 20
138.849
 10
349.153
 20
138.82
 10
349.258
 20
138.785
 10
349.361
 20
138.745
 10
349.462
 20
138.701
 10
349.561
 20
138.651
 10
349.657
 20
138.597
 10
349.75
 20
138.537
 10
349.84
 20
138.474
 10
349.927
 20
138.406
 10
350.011
 20
138.334
 10
350.091
 20
138.258
 10
350.167
 20
138.178
 10
350.239
 20
138.094
 10
350.307
 20
138.007
 10
350.371
 20
137.917
 10
350.43
 20
137.823
 10
350.484
 20
137.727
 10
350.534
 20
137.629
 10
350.579
 20
137.528
 10
350.618
 20
137.425
 10
350.653
 20
137.32
 10
350.683
 20
137.213
 10
350.707
 20
137.106
 10
350.726
 20
136.997
 10
350.739
 20
136.887
 10
350.747
 20
136.777
 10
350.75
 20
136.667
 10
350.747
 20
136.556
 10
350.739
 20
136.446
 10
350.726
 20
136.337
 10
350.707
 20
136.228
 10
350.683
 20
136.12
 10
350.653
 20
136.014
 10
350.618
 20
135.909
 10
350.579
 20
135.806
 10
350.534
 20
135.705
 10
350.484
 20
135.606
 10
350.43
 20
135.51
 10
350.371
 20
135.417
 10
350.307
 20
135.326
 10
350.239
 20
135.239
 10
350.167
 20
135.156
 10
350.091
 20
135.076
 10
350.011
 20
135
 10
349.927
 20
134.927
 10
349.84
 20
134.859
 10
349.75
 20
134.796
 10
349.657
 20
134.737
 10
349.561
 20
134.682
 10
349.462
 20
134.633
 10
349.361
 20
134.588
 10
349.258
 20
134.548
 10
349.153
 20
134.514
 10
349.047
 20
134.484
 10
348.939
 20
134.46
 10
348.83
 20
134.441
 10
348.721
 20
134.428
 10
348.61
 20
134.419
 10
348.5
 20
134.417
  0
LWPOLYLINE
100
AcDbEntity
  8
0
100
AcDbPolyline
 90
4
 70
1
 10
225.5
 20
73.125
 10
229.5
 20
73.125
 10
229.5
 20
53.125
 10
225.5
 20
53.125
  0
LWPOLYLINE
100
AcDbEntity
  8
0
100
AcDbPolyline
 90
4
 70
1
 10
362.5
 20
73.125
 10
366.5
 20
73.125
 10
366.5
 20
53.125
 10
362.5
 20
53.125
  0
LWPOLYLINE
100
AcDbEntity
  8
0
100
AcDbPolyline
 90
128
 70
1
 10
234.603
 20
30.7536
 10
234.456
 20
30.7644
 10
234.31
 20
30.7825
 10
234.165
 20
30.8076
 10
234.021
 20
30.8399
 10
233.879
 20
30.8792
 10
233.739
 20
30.9254
 10
233.602
 20
30.9784
 10
233.467
 20
31.038
 10
233.336
 20
31.1042
 10
233.208
 20
31.1768
 10
233.083
 20
31.2556
 10
232.963
 20
31.3404
 10
232.847
 20
31.431
 10
232.735
 20
31.5271
 10
232.629
 20
31.6287
 10
232.527
 20
31.7353
 10
232.431
 20
31.8468
 10
232.34
 20
31.9629
 10
232.256
 20
32.0833
 10
232.177
 20
32.2077
 10
232.104
 20
32.3358
 10
232.038
 20
32.4673
 10
231.978
 20
32.6019
 10
231.925
 20
32.7393
 10
231.879
 20
32.8791
 10
231.84
 20
33.0211
 10
231.808
 20
33.1647
 10
231.782
 20
33.3098
 10
231.764
 20
33.4559
 10
231.754
 20
33.6028
 10
231.75
 20
33.75
 10
231.754
 20
33.8972
 10
231.764
 20
34.0441
 10
231.782
 20
34.1902
 10
231.808
 20
34.3353
 10
231.84
 20
34.4789
 10
231.879
 20
34.6209
 10
231.925
 20
34.7607
 10
231.978
 20
34.8981
 10
232.038
 20
35.0327
 10
232.104
 20
35.1642
 10
232.177
 20
35.2923
 10
232.256
 20
35.4167
 10
232.34
 20
35.5371
 10
232.431
 20
35.6532
 10
232.527
 20
35.7647
 10
232.629
 20
35.8713
 10
232.735
 20
35.9729
 10
232.847
 20
36.069
 10
232.963
 20
36.1596
 10
233.083
 20
36.2444
 10
233.208
 20
36.3232
 10
233.336
 20
36.3958
 10
233.467
 20
36.462
 10
233.602
 20
36.5216
 10
233.739
 20
36.5746
 10
233.879
 20
36.6208
 10
234.021
 20
36.6601
 10
234.165
 20
36.6924
 10
234.31
 20
36.7175
 10
234.456
 20
36.7356
 10
234.603
 20
36.7464
 10
234.75
 20
36.75
 10
234.897
 20
36.7464
 10
235.044
 20
36.7356
 10
235.19
 20
36.7175
 10
235.335
 20
36.6924
 10
235.479
 20
36.6601
 10
235.621
 20
36.6208
 10
235.761
 20
36.5746
 10
235.898
 20
36.5216
 10
236.033
 20
36.462
 10
236.164
 20
36.3958
 10
236.292
 20
36.3232
 10
236.417
 20
36.2444
 10
236.537
 20
36.1596
 10
236.653
 20
36.069
 10
236.765
 20
35.9729
 10
236.871
 20
35.8713
 10
236.973
 20
35.7647
 10
237.069
 20
35.6532
 10
237.16
 20
35.5371
 10
237.244
 20
35.4167
 10
237.323
 20
35.2923
 10
237.396
 20
35.1642
 10
237.462
 20
35.0327
 10
237.522
 20
34.8981
 10
237.575
 20
34.7607
 10
237.621
 20
34.6209
 10
237.66
 20
34.4789
 10
237.692
 20
34.3353
 10
237.718
 20
34.1902
 10
237.736
 20
34.0441
 10
237.746
 20
33.8972
 10
237.75
 20
33.75
 10
237.746
 20
33.6028
 10
237.736
 20
33.4559
 10
237.718
 20
33.3098
 10
237.692
 20
33.1647
 10
237.66
 20
33.0211
 10
237.621
 20
32.8791
 10
237.575
 20
32.7393
 10
237.522
 20
32.6019
 10
237.462
 20
32.4673
 10
237.396
 20
32.3358
 10
237.323
 20
32.2077
 10
237.244
 20
32.0833
 10
237.16
 20
31.9629
 10
237.069
 20
31.8468
 10
236.973
 20
31.7353
 10
236.871
 20
31.6287
 10
236.765
 20
31.5271
 10
236.653
 20
31.431
 10
236.537
 20
31.3404
 10
236.417
 20
31.2556
 10
236.292
 20
31.1768
 10
236.164
 20
31.1042
 10
236.033
 20
31.038
 10
235.898
 20
30.9784
 10
235.761
 20
30.9254
 10
235.621
 20
30.8792
 10
235.479
 20
30.8399
 10
235.335
 20
30.8076
 10
235.19
 20
30.7825
 10
235.044
 20
30.7644
 10
234.897
 20
30.7536
 10
234.75
 20
30.75
  0
LWPOLYLINE
100
AcDbEntity
  8
0
100
AcDbPolyline
 90
128
 70
1
 10
357.103
 20
30.7536
 10
356.956
 20
30.7644
 10
356.81
 20
30.7825
 10
356.665
 20
30.8076
 10
356.521
 20
30.8399
 10
356.379
 20
30.8792
 10
356.239
 20
30.9254
 10
356.102
 20
30.9784
 10
355.967
 20
31.038
 10
355.836
 20
31.1042
 10
355.708
 20
31.1768
 10
355.583
 20
31.2556
 10
355.463
 20
31.3404
 10
355.347
 20
31.431
 10
355.235
 20
31.5271
 10
355.129
 20
31.6287
 10
355.027
 20
31.7353
 10
354.931
 20
31.8468
 10
354.84
 20
31.9629
 10
354.756
 20
32.0833
 10
354.677
 20
32.2077
 10
354.604
 20
32.3358
 10
354.538
 20
32.4673
 10
354.478
 20
32.6019
 10
354.425
 20
32.7393
 10
354.379
 20
32.8791
 10
354.34
 20
33.0211
 10
354.308
 20
33.1647
 10
354.282
 20
33.3098
 10
354.264
 20
33.4559
 10
354.254
 20
33.6028
 10
354.25
 20
33.75
 10
354.254
 20
33.8972
 10
354.264
 20
34.0441
 10
354.282
 20
34.1902
 10
354.308
 20
34.3353
 10
354.34
 20
34.4789
 10
354.379
 20
34.6209
 10
354.425
 20
34.7607
 10
354.478
 20
34.8981
 10
354.538
 20
35.0327
 10
354.604
 20
35.1642
 10
354.677
 20
35.2923
 10
354.756
 20
35.4167
 10
354.84
 20
35.5371
 10
354.931
 20
35.6532
 10
355.027
 20
35.7647
 10
355.129
 20
35.8713
 10
355.235
 20
35.9729
 10
355.347
 20
36.069
 10
355.463
 20
36.1596
 10
355.583
 20
36.2444
 10
355.708
 20
36.3232
 10
355.836
 20
36.3958
 10
355.967
 20
36.462
 10
356.102
 20
36.5216
 10
356.239
 20
36.5746
 10
356.379
 20
36.6208
 10
356.521
 20
36.6601
 10
356.665
 20
36.6924
 10
356.81
 20
36.7175
 10
356.956
 20
36.7356
 10
357.103
 20
36.7464
 10
357.25
 20
36.75
 10
357.397
 20
36.7464
 10
357.544
 20
36.7356
 10
357.69
 20
36.7175
 10
357.835
 20
36.6924
 10
357.979
 20
36.6601
 10
358.121
 20
36.6208
 10
358.261
 20
36.5746
 10
358.398
 20
36.5216
 10
358.533
 20
36.462
 10
358.664
 20
36.3958
 10
358.792
 20
36.3232
 10
358.917
 20
36.2444
 10
359.037
 20
36.1596
 10
359.153
 20
36.069
 10
359.265
 20
35.9729
 10
359.371
 20
35.8713
 10
359.473
 20
35.7647
 10
359.569
 20
35.6532
 10
359.66
 20
35.5371
 10
359.744
 20
35.4167
 10
359.823
 20
35.2923
 10
359.896
 20
35.1642
 10
359.962
 20
35.0327
 10
360.022
 20
34.8981
 10
360.075
 20
34.7607
 10
360.121
 20
34.6209
 10
360.16
 20
34.4789
 10
360.192
 20
34.3353
 10
360.218
 20
34.1902
 10
360.236
 20
34.0441
 10
360.246
 20
33.8972
 10
360.25
 20
33.75
 10
360.246
 20
33.6028
 10
360.236
 20
33.4559
 10
360.218
 20
33.3098
 10
360.192
 20
33.1647
 10
360.16
 20
33.0211
 10
360.121
 20
32.8791
 10
360.075
 20
32.7393
 10
360.022
 20
32.6019
 10
359.962
 20
32.4673
 10
359.896
 20
32.3358
 10
359.823
 20
32.2077
 10
359.744
 20
32.0833
 10
359.66
 20
31.9629
 10
359.569
 20
31.8468
 10
359.473
 20
31.7353
 10
359.371
 20
31.6287
 10
359.265
 20
31.5271
 10
359.153
 20
31.431
 10
359.037
 20
31.3404
 10
358.917
 20
31.2556
 10
358.792
 20
31.1768
 10
358.664
 20
31.1042
 10
358.533
 20
31.038
 10
358.398
 20
30.9784
 10
358.261
 20
30.9254
 10
358.121
 20
30.8792
 10
357.979
 20
30.8399
 10
357.835
 20
30.8076
 10
357.69
 20
30.7825
 10
357.544
 20
30.7644
 10
357.397
 20
30.7536
 10
357.25
 20
30.75
  0
LWPOLYLINE
100
AcDbEntity
  8
0
100
AcDbPolyline
 90
128
 70
1
 10
243.39
 20
29.4194
 10
243.279
 20
29.4275
 10
243.17
 20
29.441
 10
243.061
 20
29.4599
 10
242.953
 20
29.4841
 10
242.847
 20
29.5136
 10
242.742
 20
29.5482
 10
242.639
 20
29.5879
 10
242.538
 20
29.6327
 10
242.439
 20
29.6823
 10
242.343
 20
29.7368
 10
242.25
 20
29.7959
 10
242.16
 20
29.8594
 10
242.073
 20
29.9274
 10
241.989
 20
29.9995
 10
241.909
 20
30.0757
 10
241.833
 20
30.1557
 10
241.761
 20
30.2393
 10
241.693
 20
30.3263
 10
241.629
 20
30.4166
 10
241.57
 20
30.5099
 10
241.516
 20
30.606
 10
241.466
 20
30.7047
 10
241.421
 20
30.8056
 10
241.382
 20
30.9087
 10
241.347
 20
31.0135
 10
241.317
 20
31.12
 10
241.293
 20
31.2277
 10
241.274
 20
31.3365
 10
241.261
 20
31.4461
 10
241.253
 20
31.5563
 10
241.25
 20
31.6667
 10
241.253
 20
31.7771
 10
241.261
 20
31.8872
 10
241.274
 20
31.9968
 10
241.293
 20
32.1056
 10
241.317
 20
32.2134
 10
241.347
 20
32.3198
 10
241.382
 20
32.4247
 10
241.421
 20
32.5277
 10
241.466
 20
32.6287
 10
241.516
 20
32.7273
 10
241.57
 20
32.8234
 10
241.629
 20
32.9167
 10
241.693
 20
33.007
 10
241.761
 20
33.0941
 10
241.833
 20
33.1777
 10
241.909
 20
33.2577
 10
241.989
 20
33.3338
 10
242.073
 20
33.4059
 10
242.16
 20
33.4739
 10
242.25
 20
33.5375
 10
242.343
 20
33.5966
 10
242.439
 20
33.651
 10
242.538
 20
33.7006
 10
242.639
 20
33.7454
 10
242.742
 20
33.7851
 10
242.847
 20
33.8198
 10
242.953
 20
33.8492
 10
243.061
 20
33.8734
 10
243.17
 20
33.8923
 10
243.279
 20
33.9058
 10
243.39
 20
33.914
 10
243.5
 20
33.9167
 10
243.61
 20
33.914
 10
243.721
 20
33.9058
 10
243.83
 20
33.8923
 10
243.939
 20
33.8734
 10
244.047
 20
33.8492
 10
244.153
 20
33.8198
 10
244.258
 20
33.7851
 10
244.361
 20
33.7454
 10
244.462
 20
33.7006
 10
244.561
 20
33.651
 10
244.657
 20
33.5966
 10
244.75
 20
33.5375
 10
244.84
 20
33.4739
 10
244.927
 20
33.4059
 10
245.011
 20
33.3338
 10
245.091
 20
33.2577
 10
245.167
 20
33.1777
 10
245.239
 20
33.0941
 10
245.307
 20
33.007
 10
245.371
 20
32.9167
 10
245.43
 20
32.8234
 10
245.484
 20
32.7273
 10
245.534
 20
32.6287
 10
245.579
 20
32.5277
 10
245.618
 20
32.4247
 10
245.653
 20
32.3198
 10
245.683
 20
32.2134
 10
245.707
 20
32.1056
 10
245.726
 20
31.9968
 10
245.739
 20
31.8872
 10
245.747
 20
31.7771
 10
245.75
 20
31.6667
 10
245.747
 20
31.5563
 10
245.739
 20
31.4461
 10
245.726
 20
31.3365
 10
245.707
 20
31.2277
 10
245.683
 20
31.12
 10
245.653
 20
31.0135
 10
245.618
 20
30.9087
 10
245.579
 20
30.8056
 10
245.534
 20
30.7047
 10
245.484
 20
30.606
 10
245.43
 20
30.5099
 10
245.371
 20
30.4166
 10
245.307
 20
30.3263
 10
245.239
 20
30.2393
 10
245.167
 20
30.1557
 10
245.091
 20
30.0757
 10
245.011
 20
29.9995
 10
244.927
 20
29.9274
 10
244.84
 20
29.8594
 10
244.75
 20
29.7959
 10
244.657
 20
29.7368
 10
244.561
 20
29.6823
 10
244.462
 20
29.6327
 10
244.361
 20
29.5879
 10
244.258
 20
29.5482
 10
244.153
 20
29.5136
 10
244.047
 20
29.4841
 10
243.939
 20
29.4599
 10
243.83
 20
29.441
 10
243.721
 20
29.4275
 10
243.61
 20
29.4194
 10
243.5
 20
29.4167
  0
LWPOLYLINE
100
AcDbEntity
  8
0
100
AcDbPolyline
 90
128
 70
1
 10
348.39
 20
29.4194
 10
348.279
 20
29.4275
 10
348.17
 20
29.441
 10
348.061
 20
29.4599
 10
347.953
 20
29.4841
 10
347.847
 20
29.5136
 10
347.742
 20
29.5482
 10
347.639
 20
29.5879
 10
347.538
 20
29.6327
 10
347.439
 20
29.6823
 10
347.343
 20
29.7368
 10
347.25
 20
29.7959
 10
347.16
 20
29.8594
 10
347.073
 20
29.9274
 10
346.989
 20
29.9995
 10
346.909
 20
30.0757
 10
346.833
 20
30.1557
 10
346.761
 20
30.2393
 10
346.693
 20
30.3263
 10
346.629
 20
30.4166
 10
346.57
 20
30.5099
 10
346.516
 20
30.606
 10
346.466
 20
30.7047
 10
346.421
 20
30.8056
 10
346.382
 20
30.9087
 10
346.347
 20
31.0135
 10
346.317
 20
31.12
 10
346.293
 20
31.2277
 10
346.274
 20
31.3365
 10
346.261
 20
31.4461
 10
346.253
 20
31.5563
 10
346.25
 20
31.6667
 10
346.253
 20
31.7771
 10
346.261
 20
31.8872
 10
346.274
 20
31.9968
 10
346.293
 20
32.1056
 10
346.317
 20
32.2134
 10
346.347
 20
32.3198
 10
346.382
 20
32.4247
 10
346.421
 20
32.5277
 10
346.466
 20
32.6287
 10
346.516
 20
32.7273
 10
346.57
 20
32.8234
 10
346.629
 20
32.9167
 10
346.693
 20
33.007
 10
346.761
 20
33.0941
 10
346.833
 20
33.1777
 10
346.909
 20
33.2577
 10
346.989
 20
33.3338
 10
347.073
 20
33.4059
 10
347.16
 20
33.4739
 10
347.25
 20
33.5375
 10
347.343
 20
33.5966
 10
347.439
 20
33.651
 10
347.538
 20
33.7006
 10
347.639
 20
33.7454
 10
347.742
 20
33.7851
 10
347.847
 20
33.8198
 10
347.953
 20
33.8492
 10
348.061
 20
33.8734
 10
348.17
 20
33.8923
 10
348.279
 20
33.9058
 10
348.39
 20
33.914
 10
348.5
 20
33.9167
 10
348.61
 20
33.914
 10
348.721
 20
33.9058
 10
348.83
 20
33.8923
 10
348.939
 20
33.8734
 10
349.047
 20
33.8492
 10
349.153
 20
33.8198
 10
349.258
 20
33.7851
 10
349.361
 20
33.7454
 10
349.462
 20
33.7006
 10
349.561
 20
33.651
 10
349.657
 20
33.5966
 10
349.75
 20
33.5375
 10
349.84
 20
33.4739
 10
349.927
 20
33.4059
 10
350.011
 20
33.3338
 10
350.091
 20
33.2577
 10
350.167
 20
33.1777
 10
350.239
 20
33.0941
 10
350.307
 20
33.007
 10
350.371
 20
32.9167
 10
350.43
 20
32.8234
 10
350.484
 20
32.7273
 10
350.534
 20
32.6287
 10
350.579
 20
32.5277
 10
350.618
 20
32.4247
 10
350.653
 20
32.3198
 10
350.683
 20
32.2134
 10
350.707
 20
32.1056
 10
350.726
 20
31.9968
 10
350.739
 20
31.8872
 10
350.747
 20
31.7771
 10
350.75
 20
31.6667
 10
350.747
 20
31.5563
 10
350.739
 20
31.4461
 10
350.726
 20
31.3365
 10
350.707
 20
31.2277
 10
350.683
 20
31.12
 10
350.653
 20
31.0135
 10
350.618
 20
30.9087
 10
350.579
 20
30.8056
 10
350.534
 20
30.7047
 10
350.484
 20
30.606
 10
350.43
 20
30.5099
 10
350.371
 20
30.4166
 10
350.307
 20
30.3263
 10
350.239
 20
30.2393
 10
350.167
 20
30.1557
 10
350.091
 20
30.0757
 10
350.011
 20
29.9995
 10
349.927
 20
29.9274
 10
349.84
 20
29.8594
 10
349.75
 20
29.7959
 10
349.657
 20
29.7368
 10
349.561
 20
29.6823
 10
349.462
 20
29.6327
 10
349.361
 20
29.5879
 10
349.258
 20
29.5482
 10
349.153
 20
29.5136
 10
349.047
 20
29.4841
 10
348.939
 20
29.4599
 10
348.83
 20
29.441
 10
348.721
 20
29.4275
 10
348.61
 20
29.4194
 10
348.5
 20
29.4167
  0
LWPOLYLINE
100
AcDbEntity
  8
0
100
AcDbPolyline
 90
128
 70
1
 10
234.603
 20
8.75361
 10
234.456
 20
8.76445
 10
234.31
 20
8.78247
 10
234.165
 20
8.80764
 10
234.021
 20
8.83991
 10
233.879
 20
8.87918
 10
233.739
 20
8.92537
 10
233.602
 20
8.97836
 10
233.467
 20
9.03803
 10
233.336
 20
9.10424
 10
233.208
 20
9.17681
 10
233.083
 20
9.25559
 10
232.963
 20
9.34038
 10
232.847
 20
9.43097
 10
232.735
 20
9.52715
 10
232.629
 20
9.62868
 10
232.527
 20
9.73532
 10
232.431
 20
9.84682
 10
232.34
 20
9.9629
 10
232.256
 20
10.0833
 10
232.177
 20
10.2077
 10
232.104
 20
10.3358
 10
232.038
 20
10.4673
 10
231.978
 20
10.6019
 10
231.925
 20
10.7393
 10
231.879
 20
10.8791
 10
231.84
 20
11.0211
 10
231.808
 20
11.1647
 10
231.782
 20
11.3098
 10
231.764
 20
11.4559
 10
231.754
 20
11.6028
 10
231.75
 20
11.75
 10
231.754
 20
11.8972
 10
231.764
 20
12.0441
 10
231.782
 20
12.1902
 10
231.808
 20
12.3353
 10
231.84
 20
12.4789
 10
231.879
 20
12.6209
 10
231.925
 20
12.7607
 10
231.978
 20
12.8981
 10
232.038
 20
13.0327
 10
232.104
 20
13.1642
 10
232.177
 20
13.2923
 10
232.256
 20
13.4167
 10
232.34
 20
13.5371
 10
232.431
 20
13.6532
 10
232.527
 20
13.7647
 10
232.629
 20
13.8713
 10
232.735
 20
13.9729
 10
232.847
 20
14.069
 10
232.963
 20
14.1596
 10
233.083
 20
14.2444
 10
233.208
 20
14.3232
 10
233.336
 20
14.3958
 10
233.467
 20
14.462
 10
233.602
 20
14.5216
 10
233.739
 20
14.5746
 10
233.879
 20
14.6208
 10
234.021
 20
14.6601
 10
234.165
 20
14.6924
 10
234.31
 20
14.7175
 10
234.456
 20
14.7356
 10
234.603
 20
14.7464
 10
234.75
 20
14.75
 10
234.897
 20
14.7464
 10
235.044
 20
14.7356
 10
235.19
 20
14.7175
 10
235.335
 20
14.6924
 10
235.479
 20
14.6601
 10
235.621
 20
14.6208
 10
235.761
 20
14.5746
 10
235.898
 20
14.5216
 10
236.033
 20
14.462
 10
236.164
 20
14.3958
 10
236.292
 20
14.3232
 10
236.417
 20
14.2444
 10
236.537
 20
14.1596
 10
236.653
 20
14.069
 10
236.765
 20
13.9729
 10
236.871
 20
13.8713
 10
236.973
 20
13.7647
 10
237.069
 20
13.6532
 10
237.16
 20
13.5371
 10
237.244
 20
13.4167
 10
237.323
 20
13.2923
 10
237.396
 20
13.1642
 10
237.462
 20
13.0327
 10
237.522
 20
12.8981
 10
237.575
 20
12.7607
 10
237.621
 20
12.6209
 10
237.66
 20
12.4789
 10
237.692
 20
12.3353
 10
237.718
 20
12.1902
 10
237.736
 20
12.0441
 10
237.746
 20
11.8972
 10
237.75
 20
11.75
 10
237.746
 20
11.6028
 10
237.736
 20
11.4559
 10
237.718
 20
11.3098
 10
237.692
 20
11.1647
 10
237.66
 20
11.0211
 10
237.621
 20
10.8791
 10
237.575
 20
10.7393
 10
237.522
 20
10.6019
 10
237.462
 20
10.4673
 10
237.396
 20
10.3358
 10
237.323
 20
10.2077
 10
237.244
 20
10.0833
 10
237.16
 20
9.9629
 10
237.069
 20
9.84682
 10
236.973
 20
9.73532
 10
236.871
 20
9.62868
 10
236.765
 20
9.52715
 10
236.653
 20
9.43097
 10
236.537
 20
9.34038
 10
236.417
 20
9.25559
 10
236.292
 20
9.17681
 10
236.164
 20
9.10424
 10
236.033
 20
9.03803
 10
235.898
 20
8.97836
 10
235.761
 20
8.92537
 10
235.621
 20
8.87918
 10
235.479
 20
8.83991
 10
235.335
 20
8.80764
 10
235.19
 20
8.78247
 10
235.044
 20
8.76445
 10
234.897
 20
8.75361
 10
234.75
 20
8.75
  0
LWPOLYLINE
100
AcDbEntity
  8
0
100
AcDbPolyline
 90
128
 70
1
 10
357.103
 20
8.75361
 10
356.956
 20
8.76445
 10
356.81
 20
8.78247
 10
356.665
 20
8.80764
 10
356.521
 20
8.83991
 10
356.379
 20
8.87918
 10
356.239
 20
8.92537
 10
356.102
 20
8.97836
 10
355.967
 20
9.03803
 10
355.836
 20
9.10424
 10
355.708
 20
9.17681
 10
355.583
 20
9.25559
 10
355.463
 20
9.34038
 10
355.347
 20
9.43097
 10
355.235
 20
9.52715
 10
355.129
 20
9.62868
 10
355.027
 20
9.73532
 10
354.931
 20
9.84682
 10
354.84
 20
9.9629
 10
354.756
 20
10.0833
 10
354.677
 20
10.2077
 10
354.604
 20
10.3358
 10
354.538
 20
10.4673
 10
354.478
 20
10.6019
 10
354.425
 20
10.7393
 10
354.379
 20
10.8791
 10
354.34
 20
11.0211
 10
354.308
 20
11.1647
 10
354.282
 20
11.3098
 10
354.264
 20
11.4559
 10
354.254
 20
11.6028
 10
354.25
 20
11.75
 10
354.254
 20
11.8972
 10
354.264
 20
12.0441
 10
354.282
 20
12.1902
 10
354.308
 20
12.3353
 10
354.34
 20
12.4789
 10
354.379
 20
12.6209
 10
354.425
 20
12.7607
 10
354.478
 20
12.8981
 10
354.538
 20
13.0327
 10
354.604
 20
13.1642
 10
354.677
 20
13.2923
 10
354.756
 20
13.4167
 10
354.84
 20
13.5371
 10
354.931
 20
13.6532
 10
355.027
 20
13.7647
 10
355.129
 20
13.8713
 10
355.235
 20
13.9729
 10
355.347
 20
14.069
 10
355.463
 20
14.1596
 10
355.583
 20
14.2444
 10
355.708
 20
14.3232
 10
355.836
 20
14.3958
 10
355.967
 20
14.462
 10
356.102
 20
14.5216
 10
356.239
 20
14.5746
 10
356.379
 20
14.6208
 10
356.521
 20
14.6601
 10
356.665
 20
14.6924
 10
356.81
 20
14.7175
 10
356.956
 20
14.7356
 10
357.103
 20
14.7464
 10
357.25
 20
14.75
 10
357.397
 20
14.7464
 10
357.544
 20
14.7356
 10
357.69
 20
14.7175
 10
357.835
 20
14.6924
 10
357.979
 20
14.6601
 10
358.121
 20
14.6208
 10
358.261
 20
14.5746
 10
358.398
 20
14.5216
 10
358.533
 20
14.462
 10
358.664
 20
14.3958
 10
358.792
 20
14.3232
 10
358.917
 20
14.2444
 10
359.037
 20
14.1596
 10
359.153
 20
14.069
 10
359.265
 20
13.9729
 10
359.371
 20
13.8713
 10
359.473
 20
13.7647
 10
359.569
 20
13.6532
 10
359.66
 20
13.5371
 10
359.744
 20
13.4167
 10
359.823
 20
13.2923
 10
359.896
 20
13.1642
 10
359.962
 20
13.0327
 10
360.022
 20
12.8981
 10
360.075
 20
12.7607
 10
360.121
 20
12.6209
 10
360.16
 20
12.4789
 10
360.192
 20
12.3353
 10
360.218
 20
12.1902
 10
360.236
 20
12.0441
 10
360.246
 20
11.8972
 10
360.25
 20
11.75
 10
360.246
 20
11.6028
 10
360.236
 20
11.4559
 10
360.218
 20
11.3098
 10
360.192
 20
11.1647
 10
360.16
 20
11.0211
 10
360.121
 20
10.8791
 10
360.075
 20
10.7393
 10
360.022
 20
10.6019
 10
359.962
 20
10.4673
 10
359.896
 20
10.3358
 10
359.823
 20
10.2077
 10
359.744
 20
10.0833
 10
359.66
 20
9.9629
 10
359.569
 20
9.84682
 10
359.473
 20
9.73532
 10
359.371
 20
9.62868
 10
359.265
 20
9.52715
 10
359.153
 20
9.43097
 10
359.037
 20
9.34038
 10
358.917
 20
9.25559
 10
358.792
 20
9.17681
 10
358.664
 20
9.10424
 10
358.533
 20
9.03803
 10
358.398
 20
8.97836
 10
358.261
 20
8.92537
 10
358.121
 20
8.87918
 10
357.979
 20
8.83991
 10
357.835
 20
8.80764
 10
357.69
 20
8.78247
 10
357.544
 20
8.76445
 10
357.397
 20
8.75361
 10
357.25
 20
8.75
  0
LWPOLYLINE
100
AcDbEntity
  8
0
100
AcDbPolyline
 90
56
 70
1
 10
480.125
 20
0
 10
586.375
 20
0
 10
586.375
 20
-4
 10
606.375
 20
-4
 10
606.375
 20
0
 10
712.625
 20
0
 10
712.625
 20
-4
 10
732.625
 20
-4
 10
732.625
 20
0
 10
838.875
 20
0
 10
838.875
 20
-4
 10
858.875
 20
-4
 10
858.875
 20
0
 10
912
 20
0
 10
912
 20
53.125
 10
916
 20
53.125
 10
916
 20
73.125
 10
912
 20
73.125
 10
912
 20
179.375
 10
916
 20
179.375
 10
916
 20
199.375
 10
912
 20
199.375
 10
912
 20
252.5
 10
903.25
 20
252.5
 10
903.25
 20
245.5
 10
907
 20
245.5
 10
907
 20
238.5
 10
892
 20
238.5
 10
892
 20
245.5
 10
895.75
 20
245.5
 10
895.75
 20
252.5
 10
887
 20
252.5
 10
887
 20
25
 10
432
 20
25
 10
432
 20
252.5
 10
423.25
 20
252.5
 10
423.25
 20
259.5
 10
427
 20
259.5
 10
427
 20
266.5
 10
412
 20
266.5
 10
412
 20
259.5
 10
415.75
 20
259.5
 10
415.75
 20
252.5
 10
407
 20
252.5
 10
407
 20
199.375
 10
403
 20
199.375
 10
403
 20
179.375
 10
407
 20
179.375
 10
407
 20
73.125
 10
403
 20
73.125
 10
403
 20
53.125
 10
407
 20
53.125
 10
407
 20
0
 10
460.125
 20
0
 10
460.125
 20
-4
 10
480.125
 20
-4
  0
ENDSEC
  0
EOF
